scientific name,chinese name,first flowering month,last flowering month,first fruiting month,last fruiting month,genus name,family name,woodiness
Abelmoschus manihot,»ÆÊñ¿û,NA,NA,NA,NA,NA,Malvaceae,CB
Acalypha australis,ÌúÜÈ²Ë,4,12,4,12,Acalypha,Euphorbiaceae,CB
Acer buergerianum,Èı½ÇéÊ,4,4,8,8,NA,Aceraceae,WD
Acer davidii,ÇàÕ¥éÊ,4,4,9,9,Acer,Aceraceae,WD
Acer davidii subsp. grosseri,¸ğÂÜéÊ,4,4,9,9,NA,Aceraceae,WD
Acer duplicatoserratum var. chinense,ÖĞ»ªÖØ³İ·ã,3,3,8,8,NA,Aceraceae,WD
Acer ginnala subsp. theiferum,¿àÌõéÊ,5,5,9,9,NA,Aceraceae,WD
Acer pictum subsp. mono,Îå½Ç·ã,5,5,9,9,NA,Aceraceae,WD
Acer truncatum,Ôª±¦éÊ,4,4,8,8,NA,Aceraceae,WD
Achnatherum pekinense,¾©Ã¢²İ,7,10,7,10,NA,Poaceae,CB
Achnatherum sibiricum,ÓğÃ©,7,9,7,9,NA,Poaceae,CB
Achyranthes bidentata,Å£Ï¥,7,9,9,10,Achyranthes,Amaranthaceae,CB
Aconitum alboviolaceum,Á½É«ÎÚÍ·,8,9,NA,NA,Aconitum,Ranunculaceae,CB
Aconitum carmichaelii,ÎÚÍ·,9,10,10,11,NA,Ranunculaceae,CB
Aconitum carmichaelii var. truppelianum,Õ¹Ã«ÎÚÍ·,9,10,NA,NA,NA,Ranunculaceae,CB
Aconitum hemsleyanum,¹ÏÒ¶ÎÚÍ·,8,10,NA,NA,Aconitum,Ranunculaceae,CB
Aconitum kusnezoffii,±±ÎÚÍ·,7,9,NA,NA,Aconitum,Ranunculaceae,CB
Aconitum longecassidatum,¸ßÃ±ÎÚÍ·,9,9,NA,NA,NA,Ranunculaceae,CB
Acorus calamus,İÅÆÑ,6,9,NA,NA,Acorus,Araceae,CB
Actinidia arguta,ÈíÔæâ¨ºïÌÒ,4,4,8,10,NA,Actinidiaceae,WD
Actinidia kolomikta,¹·Ôæâ¨ºïÌÒ,5.2,7.1,9,10,Actinidia,Actinidiaceae,WD
Actinidia polygama,¸ğÔæâ¨ºïÌÒ,6,7,9,10,NA,Actinidiaceae,WD
Actinostemma tenerum,ºĞ×Ó²İ,7,9,9,11,NA,Cucurbitaceae,CB
Adenocaulon himalaicum,ºÍÉĞ²Ë,6,11,6,11,Adenocaulon,Asteraceae,CB
Adenophora capillaris,Ë¿ÁÑÉ³²Î,7,8,NA,NA,NA,Campanulaceae,CB
Adenophora divaricata,Õ¹Ö¦É³²Î,7,8,NA,NA,Adenophora,Campanulaceae,CB
Adenophora liliifolia,ĞÂ½®É³²Î,7,8,NA,NA,Adenophora,Campanulaceae,CB
Adenophora pereskiifolia,³¤°×É³²Î,7,8,NA,NA,Adenophora,Campanulaceae,CB
Adenophora polyantha,¹âİàÉ³²Î,8,10,NA,NA,Adenophora,Campanulaceae,CB
Adenophora polyantha subsp. scabricalyx,Ê¯É³²Î,8,10,NA,NA,NA,Campanulaceae,CB
Adenophora remotiflora,±¡Ò¶ÜùÆs,7,8,NA,NA,Adenophora,Campanulaceae,CB
Adenophora stricta,´¨Î÷É³²Î,8,10,NA,NA,Adenophora,Campanulaceae,CB
Adenophora tetraphylla,ÂÖÒ¶É³²Î,7,9,NA,NA,NA,Campanulaceae,CB
Adenophora trachelioides,ÜùÆs,7,9,NA,NA,NA,Campanulaceae,CB
Aeluropus sinensis,â¯Ã«,6,8,6,8,NA,Poaceae,CB
Aeschynomene indica,ºÏÃÈ,7,9,7,10,NA,Fabaceae,CB
Agastache rugosa,Ş½Ïã,6,9,9,11,NA,Lamiaceae,CB
Agrimonia coreana,ÍĞÒ¶ÁúÑ¿²İ,7,8,7,8,Agrimonia,Rosaceae,CB
Agrimonia pilosa,ÁúÑ¿²İ,5,12,5,12,Agrimonia,Rosaceae,CB
Agrimonia pilosa var. nepalensis,»ÆÁúÎ²,NA,NA,NA,NA,NA,Rosaceae,CB
Agrostis clavata,»ª±±¼ô¹ÉÓ±,6,11,6,11,NA,Poaceae,CB
Agrostis gigantea,¾ŞĞò¼ô¹ÉÓ±,6,11,6,11,NA,Poaceae,CB
Agrostis stolonifera,Î÷²®ÀûÑÇ¼ô¹ÉÓ±,8,8,NA,NA,Agrostis,Poaceae,CB
Ailanthus altissima,³ô´»,4,5,8,10,Ailanthus,Simaroubaceae,WD
Ajuga ciliata,½î¹Ç²İ,4,8,7,9,Ajuga,Lamiaceae,CB
Ajuga decumbens,½ğ´¯Ğ¡²İ,4,6,1,5,NA,Lamiaceae,CB
Ajuga linearifolia,ÏßÒ¶½î¹Ç²İ,4,5,5,10,Ajuga,Lamiaceae,CB
Akebia quinata,Ä¾Í¨,4,5,6,8,Akebia,Lardizabalaceae,WD
Alangium chinense,°Ë½Ç·ã,5,10,7,11,NA,Alangiaceae,WD
Alcea rosea,Êñ¿û,2,8,NA,NA,NA,Malvaceae,CB
Alisma canaliculatum,Õ­Ò¶ÔóĞº,5,10,5,10,NA,Alismataceae,CB
Alisma orientale,¶«·½ÔóĞº,5,9,5,9,NA,Alismataceae,CB
Allium anisopodium var. zimmermannianum,²Úİã¾Â,6,9,6,9,NA,Liliaceae,CB
Allium brevidentatum,°«³İ¾Â,7,7,NA,NA,NA,Liliaceae,CB
Allium condensatum,»Æ»¨¾Â,7,9,7,9,NA,Liliaceae,CB
Allium neriniflorum,³¤¹£ºÏ±»¾Â,7,8,7,8,NA,Liliaceae,CB
Allium ramosum,Ò°¾Â,6,9,6,9,NA,Liliaceae,CB
Allium senescens,É½¾Â,7,8,7,8,NA,Liliaceae,CB
Allium taishanense,Ì©É½¾Â,9,9,NA,NA,Allium,Liliaceae,CB
Allium tenuissimum,Ï¸Ò¶¾Â,7,9,7,9,Allium,Liliaceae,CB
Allium thunbergii,ÇòĞò¾Â,8.25,10,8.25,10,Allium,Liliaceae,CB
Alnus hirsuta,ÁÉ¶«èçÄ¾,5,7,7,8,NA,Betulaceae,WD
Alnus japonica,ÈÕ±¾èçÄ¾,5,7,7,8,NA,Betulaceae,WD
Alopecurus aequalis,¿´ÂóÄï,4,8,4,8,Alopecurus,Poaceae,CB
Amaranthus blitum,°¼Í·ÜÈ,7,8,8,9,NA,Amaranthaceae,CB
Amaranthus hybridus,ÂÌËëÜÈ,7,8,9,10,NA,Amaranthaceae,CB
Amaranthus retroflexus,·´Ö¦ÜÈ,7,8,8,9,NA,Amaranthaceae,CB
Amaranthus taishanensis,Ì©É½ÜÈ,NA,NA,NA,NA,NA,Amaranthaceae,CB
Amaranthus viridis,Öå¹ûÜÈ,6,8,8,10,NA,Amaranthaceae,CB
Amethystea caerulea,Ë®¼¬Õë,8,9,9,10,Amethystea,Lamiaceae,CB
Amitostigma gracile,ÎŞÖùÀ¼,6,7,9,10,Amitostigma,Orchidaceae,CB
Ammannia auriculata,¶ú»ùË®ÜÈ,8,9,8,12,Ammannia,Lythraceae,CB
Ammannia baccifera,Ë®ÜÈ²Ë,8,10,9,12,NA,Lythraceae,CB
Ampelopsis aconitifolia,ÎÚÍ·Ò¶ÉßÆÏÌÑ,5,6,8,9,Ampelopsis,Vitaceae,WD
Ampelopsis delavayana,ÈıÁÑÉßÆÏÌÑ,6,8,9,11,Ampelopsis,Vitaceae,WD
Ampelopsis delavayana var. glabra,ÕÆÁÑÉßÆÏÌÑ,5,6,7,9,NA,Vitaceae,WD
Ampelopsis glandulosa var. brevipedunculata,¶«±±ÉßÆÏÌÑ,7,8,9,10,NA,Vitaceae,WD
Ampelopsis glandulosa var. hancei,¹âÒ¶ÉßÆÏÌÑ,4,6,8,10,NA,Vitaceae,WD
Ampelopsis glandulosa var. heterophylla,ÒìÒ¶ÉßÆÏÌÑ,4,6,7,10,NA,Vitaceae,WD
Ampelopsis humulifolia,È„Ò¶ÉßÆÏÌÑ,5,7,5,9,Ampelopsis,Vitaceae,WD
Ampelopsis japonica,°×İü,5,6,7,9,Ampelopsis,Vitaceae,WD
Amphicarpaea bracteata subsp. edgeworthii,Á½ĞÍ¶¹,8,11,8,11,NA,Fabaceae,CB
Amygdalus davidiana,É½ÌÒ,3,4,7,8,NA,Rosaceae,WD
Amygdalus persica,ÌÒ,3,4,8,9,NA,Rosaceae,WD
Anaphalis sinica,ÏãÇà,7,9,8,10,NA,Asteraceae,CB
Anaphalis sinica var. densata,ÏãÇàÃÜÉú±äÖÖ,NA,NA,NA,NA,NA,Asteraceae,CB
Anaphalis sinica var. lanata,ÏãÇàÃŞÃ«±äÖÖ,NA,NA,NA,NA,NA,Asteraceae,CB
Androsace maxima,´ó°úµãµØÃ·,6,7,NA,NA,NA,Primulaceae,CB
Androsace umbellata,µãµØÃ·,2,4,5,6,Androsace,Primulaceae,CB
Anemarrhena asphodeloides,ÖªÄ¸,6,9,6,9,NA,Liliaceae,CB
Anemone raddeana,¶à±»ÒøÁ«»¨,4,5,NA,NA,Anemone,Ranunculaceae,CB
Anemone shikokiana,É½¶«ÒøÁ«»¨,6,7,NA,NA,Anemone,Ranunculaceae,CB
Anemone tetrasepala,¸´É¡ÒøÁ«»¨,6,7,NA,NA,Anemone,Ranunculaceae,CB
Angelica cartilaginomarginata,³¤ÇÊµ±¹é,8,9,9,10,Angelica,Apiaceae,CB
Angelica dahurica,°×ÜÆ,7,8,8,9,Angelica,Apiaceae,CB
Angelica decursiva,²ñ»¨Ç°ºú,8,9,9,11,NA,Apiaceae,CB
Angelica polymorpha,¹ÕÇÛ,8,9,9,10,Angelica,Apiaceae,CB
Antenoron filiforme,½ğÏß²İ,7,8,9,10,Antenoron,Polygonaceae,CB
Antenoron filiforme var. neofiliforme,¶ÌÃ«½ğÏß²İ,8,10,9,11,NA,Polygonaceae,CB
Anthoxanthum glabrum,¹âïûÏã²İ,6,9,6,9,NA,Poaceae,CB
Anthriscus sylvestris,¶ë²Î,4,9,4,5,Anthriscus,Apiaceae,CB
Aphananthe aspera,²ÚÒ¶Ê÷,3,5,8,10,Aphananthe,Ulmaceae,WD
Apocynum venetum,ÂŞ²¼Âé,4,9,7,12,NA,Apocynaceae,WD
Aquilegia oxysepala,¼âİàñï¶·²Ë,5,6,7,8,Aquilegia,Ranunculaceae,CB
Aquilegia viridiflora,ñï¶·²Ë,5,7,7,8,NA,Ranunculaceae,CB
Aquilegia viridiflora var. atropurpurea,×Ï»¨ñï¶·²Ë,NA,NA,NA,NA,NA,Ranunculaceae,CB
Aquilegia yabeana,»ª±±ñï¶·²Ë,5,6,NA,NA,Aquilegia,Ranunculaceae,CB
Arabidopsis thaliana,Êó¶ú½æ,4,6,NA,NA,Arabidopsis,Brassicaceae,CB
Arabis pendula,´¹¹ûÄÏ½æ,6,8,7,9,NA,Brassicaceae,CB
Aralia chinensis,»ÆÃ«˜BÄ¾,9,12,11,´ÎÄê1,NA,Araliaceae,WD
Aralia elata,˜BÄ¾,6,8,9,10,Aralia,Araliaceae,WD
Arenaria juncea,ÀÏÅ£½î,7,9,7,9,NA,Caryophyllaceae,CB
Arisaema amurense,¶«±±ÄÏĞÇ,5,5,9,9,Arisaema,Araceae,CB
Arisaema heterophyllum,ÌìÄÏĞÇ,4,5,7,9,Arisaema,Araceae,CB
Arisaema serratum,Ï¸³İÄÏĞÇ,5,6,NA,NA,Arisaema,Araceae,CB
Aristida adscensionis,ÈıÃ¢²İ,6,10,6,10,Aristida,Poaceae,CB
Aristolochia contorta,±±Âí¶µÁå,5,7,8,10,Aristolochia,Aristolochiaceae,CB
Aristolochia debilis,Âí¶µÁå,7,8,9,10,NA,Aristolochiaceae,CB
Aristolochia mollissima,Ñ°¹Ç·ç,4,6,8,10,Aristolochia,Aristolochiaceae,WD
Armeniaca sibirica,É½ĞÓ,3,4,6,7,NA,Rosaceae,WD
Armeniaca vulgaris,ĞÓ,3,4,6,7,NA,Rosaceae,WD
Armeniaca vulgaris var. ansu,Ò°ĞÓ,NA,NA,NA,NA,NA,Rosaceae,WD
Artemisia anethifolia,¼îİï,8,10,8,10,NA,Asteraceae,CB
Artemisia anethoides,İªÂÜİï,6,10,6,10,Artemisia,Asteraceae,CB
Artemisia angustissima,ÏÁÒ¶Äµİï,8,10,8,10,Artemisia,Asteraceae,CB
Artemisia annua,»Æ»¨İï,8,10,8,10,NA,Asteraceae,CB
Artemisia argyi,°¬,7,10,7,10,Artemisia,Asteraceae,CB
Artemisia capillaris,Òğ³Âİï,NA,NA,NA,NA,NA,Asteraceae,CB
Artemisia carvifolia,Çàİï,6,9,6,9,Artemisia,Asteraceae,CB
Artemisia dubia var. subdigitata,ÎŞÃ«Å£Î²İï,NA,NA,NA,NA,NA,Asteraceae,WD
Artemisia eriopoda,ÄÏÄµİï,6,11,6,11,NA,Asteraceae,CB
Artemisia eriopoda var. maritima,²³º£±õÄÏÄµİï,NA,NA,NA,NA,NA,Asteraceae,CB
Artemisia eriopoda var. rotundifolia,Ô²Ò¶ÄÏÄµİï,NA,NA,NA,NA,NA,Asteraceae,CB
Artemisia gmelinii,Ï¸ÁÑÒ¶Á«İï,8,10,8,10,Artemisia,Asteraceae,WD
Artemisia igniaria,Æç¾¥İï,8,11,8,11,Artemisia,Asteraceae,WD
Artemisia indica,ÎåÔÂ°¬,8,10,8,10,Artemisia,Asteraceae,WD
Artemisia integrifolia,ÁøÒ¶İï,8,10,8,10,Artemisia,Asteraceae,CB
Artemisia japonica,Äµİï,7,10,7,10,Artemisia,Asteraceae,CB
Artemisia keiskeana,ÈC&#x0000E027;,8,11,8,11,Artemisia,Asteraceae,WD
Artemisia lancea,°«İï,8,10,8,10,Artemisia,Asteraceae,CB
Artemisia lavandulifolia,Ò°°¬İï,7,10,7,10,NA,Asteraceae,CB
Artemisia mongolica,ÃÉ¹Åİï,8,10,8,10,NA,Asteraceae,CB
Artemisia nakai,°«±õİï,8,10,8,10,Artemisia,Asteraceae,CB
Artemisia princeps,¿ıİï,7,11,7,11,Artemisia,Asteraceae,CB
Artemisia rubripes,ºì×ãİï,8,10,8,10,Artemisia,Asteraceae,CB
Artemisia sacrorum,°×Á«İï,8,10,8,10,NA,Asteraceae,WD
Artemisia sacrorum var. incana,»ÒÁ«İï,8,10,8,10,NA,Asteraceae,WD
Artemisia sacrorum var. messerschmidtiana,ÃÜÃ«°×Á«İï,8,10,8,10,NA,Asteraceae,WD
Artemisia scoparia,ÖíÃ«İï,7,10,7,10,Artemisia,Asteraceae,CB
Artemisia selengensis,İäİï,7,10,7,10,Artemisia,Asteraceae,CB
Artemisia stolonifera,¿íÒ¶É½İï,7,11,7,11,NA,Asteraceae,CB
Artemisia sylvatica,ÒõµØİï,9,10,9,10,Artemisia,Asteraceae,CB
Artemisia verbenacea,ÁÉ¶«İï,8,10,8,10,Artemisia,Asteraceae,CB
Arthraxon hispidus,İ£²İ,8,11,8,11,Arthraxon,Poaceae,CB
Arthraxon hispidus var. centrasiaticus,ÖĞÑÇİ£²İ,8,9,8,9,NA,Poaceae,CB
Arthraxon prionodes,Ã©Ò¶İ£²İ,7,10,7,10,NA,Poaceae,CB
Arundinella hirta,Ã«¸ÑÒ°¹Å²İ,8,10,8,10,Arundinella,Poaceae,CB
Asparagus brachyphyllus,ÅÊÔ®ÌìÃÅ¶¬,5,6,8,8,Asparagus,Liliaceae,CB
Asparagus cochinchinensis,ÌìÃÅ¶¬,5,6,8,10,Asparagus,Liliaceae,CB
Asparagus dauricus,ĞË°²ÌìÃÅ¶¬,5,6,7,9,Asparagus,Liliaceae,CB
Asparagus longiflorus,³¤»¨ÌìÃÅ¶¬,4,5,6,8,NA,Liliaceae,CB
Asparagus officinalis,Ê¯µó°Ø,5,6,8,8,NA,Liliaceae,CB
Asparagus oligoclonos,ÄÏÓñ´ø,4,5,7,9,NA,Liliaceae,CB
Asparagus schoberioides,ÁúĞë²Ë,5,6,8,9,Asparagus,Liliaceae,CB
Asparagus trichophyllus,ÇúÖ¦ÌìÃÅ¶¬,5,5,7,7,Asparagus,Liliaceae,CB
Aster ageratoides var. heterophyllus,ÈıÂö×ÏİÒÒìÒ¶±äÖÖ,NA,NA,NA,NA,NA,Asteraceae,CB
Aster tataricus,×ÏİÒ,7,9,8,10,NA,Asteraceae,CB
Aster trinervius,Èı»ùÂö×ÏİÒ,7,12,7,12,NA,Asteraceae,CB
Astilbe chinensis,ÂäĞÂ¸¾,6,9,6,9,NA,Saxifragaceae,CB
Astilbe grandis,´óÂäĞÂ¸¾,6,9,6,9,Astilbe,Saxifragaceae,CB
Astragalus chinensis,»ª»ÆêÈ,6,7,7,8,NA,Fabaceae,CB
Astragalus dahuricus,´ïÎÚÀï»ÆêÈ,7,9,8,10,NA,Fabaceae,CB
Astragalus melilotoides,²İÄ¾éØ×´»ÆêÈ,7,8,8,9,NA,Fabaceae,CB
Astragalus melilotoides var. tenuis,Ï¸Ò¶»ÆêÈ,NA,NA,NA,NA,NA,Fabaceae,CB
Astragalus scaberrimus,²ÚÒ¶»ÆêÈ,4,8,5,9,Astragalus,Fabaceae,CB
Atractylodes coreana,³¯ÏÊ²ÔÊõ,7,9,7,9,Atractylodes,Asteraceae,CB
Atractylodes lancea,²ÔÊõ,6,10,6,10,Atractylodes,Asteraceae,CB
Atriplex centralasiatica,ÖĞÑÇ±õŞ¼,7,8,8,9,NA,Chenopodiaceae,CB
Atriplex sibirica,Î÷²®ÀûÑÇ±õŞ¼,6,7,8,9,Atriplex,Chenopodiaceae,CB
Barnardia japonica,ÃàÔæ¶ù,7,11,7,11,Barnardia,Liliaceae,CB
Beckmannia syzigachne,ÈD²İ,4,10,4,10,Beckmannia,Poaceae,CB
Belamcanda chinensis,Éä¸É,6,8,7,9,NA,Iridaceae,CB
Berberis amurensis,»ÆÂ«Ä¾,4,5,8,9,NA,Berberidaceae,WD
Berberis beijingensis,±±¾©Ğ¡éŞ,5,6,NA,NA,NA,Berberidaceae,WD
Berberis hersii,ÄÏÑôĞ¡éŞ,5,6,8,10,NA,Berberidaceae,WD
Berteroella maximowiczii,×¶¹û½æ,6,7,NA,NA,Berteroella,Brassicaceae,CB
Beta vulgaris var. cicla,ÇqÇQ²Ë,NA,NA,NA,NA,NA,Chenopodiaceae,CB
Betula chinensis,¼áèë,5,6,7,8,NA,Betulaceae,WD
Betula dahurica,ºÚèë,6,7,7,8,NA,Betulaceae,WD
Betula platyphylla,°×èë,6,7,7,9,NA,Betulaceae,WD
Bidens parviflora,Ğ¡»¨¹íÕë²İ,7,9,NA,NA,NA,Asteraceae,CB
Boea hygrometrica,ĞıİôÜÄÌ¦,7,8,9,9,Boea,Gesneriaceae,CB
Boehmeria japonica,Ò°ÏßÂé,6,8,9,11,Boehmeria,Urticaceae,CB
Boehmeria nivea,ÜÑÂé,5,8,9,11,NA,Urticaceae,WD
Boehmeria silvestrii,³àÂé,6,8,NA,NA,Boehmeria,Urticaceae,CB
Boehmeria spicata,Ğ¡³àÂé,6,8,NA,NA,Boehmeria,Urticaceae,CB
Boehmeria tricuspis,°Ë½ÇÂé,7,8,NA,NA,Boehmeria,Urticaceae,CB
Bolboschoenus yagara,¾£Èı¶ ,5,7,5,7,NA,Cyperaceae,CB
Bolbostemma paniculatum,¼Ù±´Ä¸,6,8,8,9,NA,Cucurbitaceae,CB
Bothriochloa ischaemum,°×Ñò²İ,9,11,9,11,NA,Poaceae,CB
Bothriospermum chinense,°ßÖÖ²İ,4,6,NA,NA,Bothriospermum,Boraginaceae,CB
Bothriospermum kusnezowii,ÏÁ°ú°ßÖÖ²İ,5,7,5,7,Bothriospermum,Boraginaceae,CB
Bothriospermum secundum,¶à°ú°ßÖÖ²İ,5,7,NA,NA,Bothriospermum,Boraginaceae,CB
Bothriospermum zeylanicum,ÈáÈõ°ßÖÖ²İ,2,10,2,10,Bothriospermum,Boraginaceae,CB
Bromus inermis,ÎŞÃ¢È¸Âó,7,9,7,9,Bromus,Poaceae,CB
Bromus remotiflorus,Êè»¨È¸Âó,6,7,6,7,Bromus,Poaceae,CB
Broussonetia papyrifera,¹¹Ê÷,4,5,6,7,NA,Moraceae,WD
Buckleya graebneriana,ÇØÁëÀ´Ãæİî,4,5,6,7,Buckleya,Santalaceae,WD
Bulbostylis barbata,ÇòÖù²İ,4,10,4,10,Bulbostylis,Cyperaceae,CB
Bulbostylis densa,Ë¿Ò¶ÇòÖù²İ,4,12,4,12,Bulbostylis,Cyperaceae,CB
Bupleurum angustissimum,ÏßÒ¶²ñºú,6,7,8,9,NA,Apiaceae,CB
Bupleurum chinense,±±²ñºú,9,10,9,10,NA,Apiaceae,CB
Bupleurum scorzonerifolium,ºì²ñºú,7,9,7,9,NA,Apiaceae,CB
Bupleurum scorzonerifolium f. pauciflorum,ÉÙ»¨ºì²ñºú,NA,NA,NA,NA,NA,Apiaceae,CB
Butomus umbellatus,»¨İş,7,9,7,9,NA,Butomaceae,CB
Buxus microphylla subsp. sinica,»ÆÑî,3,3,5,6,NA,Buxaceae,WD
Calamagrostis epigeios,·÷×ÓÃ©,5,9,NA,NA,Calamagrostis,Poaceae,CB
Calamagrostis macrolepis,´ó·÷×ÓÃ©,7,9,7,9,NA,Poaceae,CB
Calamagrostis pseudophragmites,¼ÙÎ­·÷×ÓÃ©,7,9,NA,NA,Calamagrostis,Poaceae,CB
Callicarpa dichotoma,°×ÌÄ×ÓÊ÷,5,6,7,11,NA,Verbenaceae,WD
Callicarpa japonica,ÈÕ±¾×ÏÖé,6,7,8,10,Callicarpa,Verbenaceae,WD
Callicarpa membranacea,Õ­Ò¶×ÏÖé,5,6,7,10,Callicarpa,Verbenaceae,WD
Callistephus chinensis,´ä¾Õ,5,10,5,10,NA,Asteraceae,CB
Calystegia hederacea,´òÍë»¨,3,9,6,9,NA,Convolvulaceae,CB
Calystegia pellita,ÌÙ³¤Ãç,NA,NA,NA,NA,NA,Convolvulaceae,CB
Calystegia soldanella,ÉöÒ¶´òÍë»¨,5,7,7,9,NA,Convolvulaceae,CB
Camelina microcarpa,Ğ¡¹ûÑÇÂéÜù,4,5,5,8,Camelina,Brassicaceae,CB
Camellia japonica,É½²è,1,3,9,10,NA,Theaceae,WD
Camellia sinensis,²è,10,2,8,10,Camellia,Theaceae,WD
Campsis grandiflora,ÁèÏü,5,8,NA,NA,NA,Bignoniaceae,WD
Camptotheca acuminata,Ï²Ê÷,5,7,9,9,NA,Nyssaceae,WD
Capillipedium assimile,Ó²¸Ñ×Ó²İ,8,12,8,12,Capillipedium,Poaceae,CB
Capillipedium parviflorum,Ï¸±ú²İ,8,12,8,12,Capillipedium,Poaceae,CB
Capsella bursa-pastoris,Üù,4,6,4,6,NA,Brassicaceae,CB
Caragana leveillei,Ã«ÕÆÒ¶½õ¼¦¶ù,4,5,6,6,Caragana,Fabaceae,WD
Caragana microphylla,Ğ¡Ò¶½õ¼¦¶ù,5,6,7,8,NA,Fabaceae,WD
Caragana opulens,¸ÊÃÉ½õ¼¦¶ù,5,6,6,7,Caragana,Fabaceae,WD
Caragana rosea,ºì»¨½õ¼¦¶ù,5,6,6,7,NA,Fabaceae,WD
Caragana sinica,½õ¼¦¶ù,4,5,7,7,NA,Fabaceae,WD
Caragana spinosa,¶à´Ì½õ¼¦¶ù,6,7,9,9,Caragana,Fabaceae,WD
Cardamine hirsuta,ËéÃ×Üù,2,4,4,6,Cardamine,Brassicaceae,CB
Cardamine impatiens,µ¯ÁÑËéÃ×Üù,4,6,5,7,Cardamine,Brassicaceae,CB
Cardamine lyrata,Ë®ÌïËéÃ×Üù,4,6,5,7,Cardamine,Brassicaceae,CB
Cardamine parviflora,Ğ¡»¨ËéÃ×Üù,5,6,6,7,NA,Brassicaceae,CB
Cardaria draba subsp. chalepensis,Çò¹ûÈºĞÄ²Ë,NA,NA,NA,NA,NA,Brassicaceae,CB
Carduus acanthoides,½ÚÃ«·ÉÁ®,5,10,5,10,Carduus,Asteraceae,CB
Carduus crispus,Ë¿Ã«·ÉÁ®,2,10,2,10,NA,Asteraceae,CB
Carex breviculmis,ÇàÂÌŞ·²İ,3,6,3,6,Carex,Cyperaceae,CB
Carex callitrichos var. nana,°«´ÔŞ·²İ,4,7,4,7,NA,Cyperaceae,CB
Carex capillacea,·¢¸ÑŞ·²İ,4,5,4,5,Carex,Cyperaceae,CB
Carex chungii,ÖÙÊÏŞ·²İ,4,5,4,5,Carex,Cyperaceae,CB
Carex dimorpholepis,¶şĞÎÁÛŞ·²İ,4,6,4,6,Carex,Cyperaceae,CB
Carex duriuscula,´ç²İ,4,6,4,6,Carex,Cyperaceae,CB
Carex duriuscula subsp. rigescens,°×Ó±Ş·²İ,4,6,4,6,NA,Cyperaceae,CB
Carex duriuscula subsp. stenophylloides,Ï¸Ò¶Ş·²İ,4,6,4,6,NA,Cyperaceae,CB
Carex forficula,ÏªË®Ş·²İ,6,7,6,7,NA,Cyperaceae,CB
Carex gotoi,²æ³İŞ·²İ,5,6,5,6,Carex,Cyperaceae,CB
Carex heterolepis,ÒìÁÛŞ·²İ,4,7,4,7,NA,Cyperaceae,CB
Carex heterostachya,ÒìËëŞ·²İ,4,6,4,6,NA,Cyperaceae,CB
Carex humilis,µÍ°«Ş·²İ,5,6,5,6,NA,Cyperaceae,CB
Carex hypochlora,ÂÌÄÒŞ·²İ,5,6,5,6,NA,Cyperaceae,CB
Carex japonica,ÈÕ±¾Ş·²İ,5,8,5,8,Carex,Cyperaceae,CB
Carex jiaodongensis,½º¶«Ş·²İ,5,5,5,5,NA,Cyperaceae,CB
Carex kiangsuensis,½­ËÕŞ·²İ,4,5,4,5,Carex,Cyperaceae,CB
Carex kobomugi,É¸²İ,6,9,6,9,Carex,Cyperaceae,CB
Carex lanceolata,´óÅûÕëŞ·²İ,4,7,4,7,NA,Cyperaceae,CB
Carex lanceolata var. subpediformis,ÑÇ±úŞ·²İ,NA,NA,NA,NA,NA,Cyperaceae,CB
Carex leiorhyncha,¼â×ìŞ·²İ,6,7,6,7,Carex,Cyperaceae,CB
Carex lithophila,¶şÖùŞ·²İ,5,6,5,6,Carex,Cyperaceae,CB
Carex maximowiczii,ÈéÍ»Ş·²İ,6,7,6,7,NA,Cyperaceae,CB
Carex neurocarpa,Òí¹ûŞ·²İ,6,8,6,8,Carex,Cyperaceae,CB
Carex pediformis,±ú×´Ş·²İ,5,9,5,9,NA,Cyperaceae,CB
Carex peiktusani,°×Í·É½Ş·²İ,6,8,6,8,NA,Cyperaceae,CB
Carex pisiformis,Íã¶¹ĞÎŞ·²İ,5,6,5,6,Carex,Cyperaceae,CB
Carex pumila,°«ÉúŞ·²İ,4,6,4,6,NA,Cyperaceae,CB
Carex raddei,×¶ÄÒŞ·²İ,6,7,6,7,Carex,Cyperaceae,CB
Carex siderosticta,¿íÒ¶Ş·²İ,4,5,4,5,Carex,Cyperaceae,CB
Carex tangiana,ÌÆ½øŞ·²İ,5,7,5,7,Carex,Cyperaceae,CB
Carlesia sinensis,É½ÜîÏã,7,9,7,9,NA,Apiaceae,CB
Carpesium cernuum,ÑÌ¹ÜÍ·²İ,6,8,9,10,NA,Asteraceae,CB
Carpinus cordata,Ç§½ïÓÜ,5,6,7,8,NA,Betulaceae,WD
Carpinus turczaninowii,¶ì¶úèÀ,5,7,7,9,NA,Betulaceae,WD
Carum buriaticum,Ìï¸ğÂÆ×Ó,5,7,8,10,NA,Apiaceae,CB
Castanea mollissima,Àõ,4,6,8,10,NA,Fagaceae,WD
Catalpa bungei,é±,5,6,6,10,NA,Bignoniaceae,WD
Catalpa fargesii,»Òé±,3,5,6,11,NA,Bignoniaceae,WD
Catalpa ovata,è÷,5,6,8,10,NA,Bignoniaceae,WD
Celastrus angulatus,¿àÆ¤ÌÙ,5,5,NA,NA,Celastrus,Celastraceae,WD
Celastrus flagellaris,´Ì°úÄÏÉßÌÙ,4,5,8,9,Celastrus,Celastraceae,WD
Celastrus orbiculatus,ÄÏÉßÌÙ,5,6,7,10,NA,Celastraceae,WD
Celosia argentea,ÇàİÙ,5,8,6,10,NA,Amaranthaceae,CB
Celtis bungeana,ºÚµ¯Ê÷,4,5,10,11,NA,Ulmaceae,WD
Celtis koraiensis,´óÒ¶ÆÓ,4,5,9,10,NA,Ulmaceae,WD
Celtis sinensis,ÆÓÊ÷,3,4,9,10,Celtis,Ulmaceae,WD
Centaurium pulchellum,ÃÀÀö°×½ğ»¨,5,7,5,7,Centaurium,Gentianaceae,CB
Centaurium pulchellum var. altaicum,°×½ğ»¨,NA,NA,NA,NA,NA,Gentianaceae,CB
Centipeda minima,Ê¯ºúİ´,6,10,6,10,NA,Asteraceae,CB
Centranthera cochinchinensis,ºúÂé²İ,6,10,6,10,Centranthera,Scrophulariaceae,CB
Cerastium fontanum subsp. vulgare,´ØÉúÈª¾í¶ú,5,6,6,7,NA,Caryophyllaceae,CB
Cerasus dictyoneura,Ã«Ò¶Å·Àî,4,5,7,9,Cerasus,Rosaceae,WD
Cerasus glandulosa,ÂóÀî,3,4,5,8,NA,Rosaceae,WD
Cerasus humilis,Å·Àî,4,5,6,10,NA,Rosaceae,WD
Cerasus japonica,ÓôÀî,5,5,7,8,NA,Rosaceae,WD
Cerasus pseudocerasus,Ó£ÌÒ,3,4,5,6,NA,Rosaceae,WD
Cerasus serrulata,É½Ó£»¨,4,5,6,7,Cerasus,Rosaceae,WD
Cerasus serrulata var. pubescens,Ã«Ò¶É½Ó£»¨,4,5,7,7,NA,Rosaceae,WD
Cerasus serrulata var. taishanensis,Ì©É½Ò°Ó£»¨,NA,NA,NA,NA,NA,Rosaceae,WD
Cerasus tomentosa,Ã«Ó£ÌÒ,4,5,6,9,NA,Rosaceae,WD
Ceratophyllum demersum,½ğÓãÔå,6,9,6,9,NA,Ceratophyllaceae,CB
Ceratophyllum platyacanthum subsp. oryzetorum,Îå´Ì½ğÓãÔå,6,9,6,9,NA,Ceratophyllaceae,CB
Cercis chinensis,×Ï¾£,3,4,8,10,NA,Fabaceae,WD
Chaenomeles sinensis,Ä¾¹Ï,4,4,9,10,NA,Rosaceae,WD
Chaenomeles speciosa,Ìù¹£º£ÌÄ,3,5,9,10,NA,Rosaceae,WD
Chamaecrista nomame,¶¹²è¾öÃ÷,NA,NA,NA,NA,NA,Fabaceae,CB
Chamerion angustifolium,ÁøÀ¼,6,9,8,10,NA,Onagraceae,CB
Chelidonium majus,°×Çü²Ë,4,9,4,9,NA,Papaveraceae,CB
Chenopodium acuminatum,¼âÍ·Ò¶Ş¼,6,7,8,9,NA,Chenopodiaceae,CB
Chenopodium album,Ş¼,5,10,5,10,NA,Chenopodiaceae,CB
Chenopodium glaucum,»ÒÂÌŞ¼,5,10,5,10,Chenopodium,Chenopodiaceae,CB
Chenopodium gracilispicum,Ï¸ËëŞ¼,7,7,8,8,Chenopodium,Chenopodiaceae,CB
Chenopodium urbicum subsp. sinicum,¶«ÑÇÊĞŞ¼,7,10,7,10,NA,Chenopodiaceae,CB
Chimaphila japonica,Ï²¶¬²İ,6,7,7,8,NA,Ericaceae,WD
Chimonanthus praecox,À¯Ã·,11,´ÎÄê3,4,11,NA,Calycanthaceae,WD
Chionanthus retusus,Á÷ËÕÊ÷,3,6,6,11,NA,Oleaceae,WD
Chloranthus fortunei,Ë¿Ëë½ğËÚÀ¼,4,5,5,6,Chloranthus,Chloranthaceae,CB
Chloranthus japonicus,ÒøÏß²İ,4,5,5,7,Chloranthus,Chloranthaceae,CB
Chloris virgata,»¢Î²²İ,6,10,6,10,NA,Poaceae,CB
Chorisis repens,É³¿àİ¤²Ë,5,10,5,10,NA,Asteraceae,CB
Chrysanthemum chanetii,Ğ¡ºì¾Õ,7,10,7,10,NA,Asteraceae,CB
Chrysanthemum coronarium,Üíİï,6,8,6,8,NA,Asteraceae,CB
Chrysanthemum indicum,Ò°¾Õ,6,11,6,11,NA,Asteraceae,CB
Chrysanthemum potentilloides,Î¯Áê¾Õ,6,8,NA,NA,NA,Asteraceae,CB
Chrysanthemum zawadskii,×Ï»¨Ò°¾Õ,7,9,7,9,NA,Asteraceae,CB
Chrysosplenium flagelliferum,Âû½ğÑü,5,7,5,7,Chrysosplenium,Saxifragaceae,CB
Chrysosplenium pilosum var. valdepilosum,ÈáÃ«½ğÑü,NA,NA,NA,NA,NA,Saxifragaceae,CB
Circaea alpina,¸ßÉ½Â¶Öé²İ,NA,NA,NA,NA,NA,Onagraceae,CB
Circaea alpina subsp. caulescens,ÉîÉ½Â¶Öé²İ,6,9,7,9,NA,Onagraceae,CB
Circaea canadensis subsp. quadrisulcata,Ë®Öé²İ,6,8,7,9,NA,Onagraceae,CB
Circaea cordata,Â¶Öé²İ,6,8,7,9,NA,Onagraceae,CB
Circaea mollis,ÄÏ·½Â¶Öé²İ,7,9,8,10,NA,Onagraceae,CB
Cirsium arvense,Ë¿Â·¼»,6,9,6,9,Cirsium,Asteraceae,CB
Cirsium chinense,ÂÌ¼»,6,10,6,10,NA,Asteraceae,CB
Cirsium maackii,Ò°¼»,6,9,6,9,NA,Asteraceae,CB
Cirsium setosum,´Ì¶ù²Ë,5,9,5,9,Cirsium,Asteraceae,CB
Cleisostoma scolopendrifolium,òÚò¼À¼,4,4,NA,NA,NA,Orchidaceae,CB
Cleistogenes caespitosa,´ÔÉúÒş×Ó²İ,7,10,7,10,Cleistogenes,Poaceae,CB
Cleistogenes festucacea,±¡ÇÊÒş×Ó²İ,8,10,8,10,Cleistogenes,Poaceae,CB
Cleistogenes hackelii,³¯ÑôÒş×Ó²İ,7,11,7,11,Cleistogenes,Poaceae,CB
Cleistogenes hancei,±±¾©Òş×Ó²İ,7,11,7,11,Cleistogenes,Poaceae,CB
Cleistogenes polyphylla,¶àÒ¶Òş×Ó²İ,7,10,7,10,Cleistogenes,Poaceae,CB
Cleistogenes squarrosa,²ÚÒş×Ó²İ,7,9,7,9,Cleistogenes,Poaceae,CB
Clematis acerifolia,éÊÒ¶ÌúÏßÁ«,4,4,5,6,Clematis,Ranunculaceae,WD
Clematis brevicaudata,¶ÌÎ²ÌúÏßÁ«,7,9,9,10,Clematis,Ranunculaceae,WD
Clematis chinensis,ÍşÁéÏÉ,6,9,8,11,Clematis,Ranunculaceae,WD
Clematis fusca,ºÖÃ«ÌúÏßÁ«,6,7,8,9,Clematis,Ranunculaceae,CB
Clematis heracleifolia,´óÒ¶ÌúÏßÁ«,8,9,10,10,NA,Ranunculaceae,CB
Clematis hexapetala,ÃŞÍÅÌúÏßÁ«,6,8,7,10,Clematis,Ranunculaceae,CB
Clematis hexapetala var. tchefouensis,³¤¶¬²İ,6,8,8,9,NA,Ranunculaceae,CB
Clematis kirilowii,Ì«ĞĞÌúÏßÁ«,6,8,8,10,Clematis,Ranunculaceae,WD
Clematis kirilowii var. chanetii,ÏÁÁÑÌ«ĞĞÌúÏßÁ«,6,8,NA,NA,NA,Ranunculaceae,WD
Clematis leschenaultiana,ĞåÃ«ÌúÏßÁ«,1,2,3,4,Clematis,Ranunculaceae,WD
Clematis pashanensis,°ÍÉ½ÌúÏßÁ«,6,9,NA,NA,NA,Ranunculaceae,WD
Clematis patens,×ª×ÓÁ«,5,6,6,7,Clematis,Ranunculaceae,CB
Clematis puberula var. ganpiniana,Ñî×ÓÌúÏßÁ«,7,9,9,10,NA,Ranunculaceae,WD
Clematis puberula var. tenuisepala,Ã«¹ûÑî×ÓÌúÏßÁ«,NA,NA,NA,NA,NA,Ranunculaceae,WD
Clematis tubulosa,¹Ü»¨ÌúÏßÁ«,NA,NA,NA,NA,NA,Ranunculaceae,
Clerodendrum bungei,³ôÄµµ¤,5,11,5,11,Clerodendrum,Verbenaceae,WD
Clerodendrum trichotomum,º£Öİ³£É½,6,11,6,11,NA,Verbenaceae,WD
Clethra barbinervis,÷ÚÂöèçÒ¶Ê÷,7,8,9,11,Clethra,Clethraceae,WD
Clinopodium polycephalum,µÆÁı²İ,7,8,9,9,Clinopodium,Lamiaceae,CB
Clinopodium urticifolium,ÂéÒ¶·çÂÖ²Ë,6,8,8,10,NA,Lamiaceae,CB
Cnidium monnieri,Éß´²,4,7,6,10,Cnidium,Apiaceae,CB
Cocculus orbiculatus,Ä¾·À¼º,NA,NA,NA,NA,NA,Menispermaceae,WD
Codonopsis lanceolata,ÑòÈé,7,8,7,8,NA,Campanulaceae,CB
Commelina benghalensis,·¹°ü²İ,6,11,NA,NA,NA,Commelinaceae,CB
Commelina communis,Ñ¼õÅ²İ,NA,NA,NA,NA,NA,Commelinaceae,CB
Convallaria majalis,ÁåÀ¼,5,6,7,9,NA,Liliaceae,CB
Convolvulus arvensis,ÌïĞı»¨,6,8,6,9,NA,Convolvulaceae,CB
Conyza bonariensis,ÏãË¿²İ,5,10,5,10,NA,Asteraceae,CB
Conyza canadensis,Ğ¡Åî²İ,5,9,NA,NA,NA,Asteraceae,CB
Corchoropsis crenata,ÌïÂé,4,6,9,11,NA,Tiliaceae,CB
Corchoropsis crenata var. hupehensis,¹â¹ûÌïÂé,NA,NA,9,´ÎÄê2,NA,Tiliaceae,CB
Corchorus aestuans,ÌğÂé,6,11,NA,NA,NA,Tiliaceae,CB
Corispermum candelabrum,ÖòÌ¨³æÊµ,7,9,7,9,Corispermum,Chenopodiaceae,CB
Corispermum chinganicum var. stellipile,Ã«¹û³æÊµ,NA,NA,NA,NA,NA,Chenopodiaceae,CB
Corispermum puberulum,ÈíÃ«³æÊµ,7,9,7,9,Corispermum,Chenopodiaceae,CB
Corispermum tylocarpum,Ã«¹ûÉş³æÊµ,6,9,6,9,NA,Chenopodiaceae,CB
Cornus alba,ºìÈğÄ¾,6,7,8,10,NA,Cornaceae,WD
Cornus macrophylla,—…Ä¾,6,7,8,9,NA,Cornaceae,WD
Cornus officinalis,É½ÜïİÇ,3,4,9,10,NA,Cornaceae,WD
Cornus walteri,Ã«—…,5,6,8,10,Cornus,Cornaceae,WD
Corydalis balansae,±±Ô½×ÏİÀ,5,8,5,8,NA,Papaveraceae,CB
Corydalis caudata,Ğ¡Ò©°Ëµ©×Ó,4,5,4,5,NA,Papaveraceae,CB
Corydalis edulis,×ÏİÀ,4,7,4,7,NA,Papaveraceae,CB
Corydalis fumariifolia,İÀÒ¶ÑÓºúË÷,3,5,3,5,NA,Papaveraceae,CB
Corydalis giraldii,Ğ¡»¨¿í°ê»ÆİÀ,NA,NA,NA,NA,NA,Papaveraceae,CB
Corydalis heterocarpa,Òì¹û»ÆİÀ,NA,NA,NA,NA,NA,Papaveraceae,CB
Corydalis kiautschouensis,½ºÖİÑÓºúË÷,4,5,4,5,NA,Papaveraceae,CB
Corydalis pallida,»ÆİÀ,NA,NA,NA,NA,NA,Papaveraceae,CB
Corydalis racemosa,Ğ¡»¨»ÆİÀ,NA,NA,NA,NA,NA,Papaveraceae,CB
Corydalis raddeana,Ğ¡»Æ×ÏİÀ,6,10,6,10,Corydalis,Papaveraceae,CB
Corydalis repens,È«Ò¶ÑÓºúË÷,NA,NA,NA,NA,NA,Papaveraceae,CB
Corydalis speciosa,Öé¹û»ÆİÀ,NA,NA,NA,NA,NA,Papaveraceae,CB
Corydalis turtschaninovii,³İ°êÑÓºúË÷,NA,NA,NA,NA,NA,Papaveraceae,CB
Corylus heterophylla,é»,5,7,7,8,NA,Betulaceae,WD
Corylus heterophylla var. sutchuenensis,´¨é»,NA,NA,NA,NA,NA,Betulaceae,WD
Corylus mandshurica,Ã«é»,5,7,7,9,NA,Betulaceae,WD
Cosmos bipinnata,ÇïÓ¢,6,8,9,10,NA,Asteraceae,CB
Cotinus coggygria,»ÆèÓ,2,8,5,11,NA,Anacardiaceae,WD
Cotinus coggygria var. cinerea,ºìÒ¶,NA,NA,NA,NA,NA,Anacardiaceae,WD
Cotinus coggygria var. pubescens,Ã«»ÆèÓ(±äÖÖ),5,5,NA,NA,NA,Anacardiaceae,WD
Cotoneaster schantungensis,É½¶«–Õ×Ó,5,5,8,9,Cotoneaster,Rosaceae,WD
Cotoneaster zabelii,Î÷±±–Õ×Ó,5,6,8,9,Cotoneaster,Rosaceae,WD
Crataegus cuneata,Ò°É½é«,5,6,9,11,Crataegus,Rosaceae,WD
Crataegus hupehensis,ºş±±É½é«,5,6,8,9,NA,Rosaceae,WD
Crataegus pinnatifida,É½é«,5,6,8,9,NA,Rosaceae,WD
Crataegus pinnatifida var. major,É½Àïºì,NA,NA,NA,NA,NA,Rosaceae,WD
Crataegus pinnatifida var. psilosa,ÎŞÃ«É½é«,NA,NA,NA,NA,NA,Rosaceae,WD
Crataegus shandongensis,É½¶«É½é«,5,6,9,11,NA,Rosaceae,WD
Crotalaria sessiliflora,Ò°°ÙºÏ,5,´ÎÄê2,5,´ÎÄê2,NA,Fabaceae,CB
Crypsis aculeata,Òş»¨²İ,5,9,5,9,Crypsis,Poaceae,CB
Crypsis schoenoides,İş×´Òş»¨²İ,6,9,6,9,NA,Poaceae,CB
Cucumis bisexualis,Ğ¡ÂíÅİ,5,7,7,9,NA,Cucurbitaceae,CB
Cuscuta australis,ÄÏ·½İËË¿×Ó,NA,NA,NA,NA,NA,Convolvulaceae,CB
Cuscuta chinensis,İËË¿×Ó,NA,NA,NA,NA,NA,Convolvulaceae,CB
Cymbopogon goeringii,éÙ²İ,7,10,7,10,Cymbopogon,Poaceae,CB
Cynanchum acutum subsp. sibiricum,êªÒ¶¶ìÈŞÌÙ,5,8,6,10,NA,Asclepiadaceae,CB
Cynanchum amplexicaule,ºÏÕÆÏû,5,9,7,9,Cynanchum,Asclepiadaceae,CB
Cynanchum atratum,°×Ş±,4,8,6,8,Cynanchum,Asclepiadaceae,CB
Cynanchum auriculatum,Å£Æ¤Ïû,6,9,7,11,Cynanchum,Asclepiadaceae,CB
Cynanchum bungei,°×Ê×ÎÚ,6,7,7,10,Cynanchum,Asclepiadaceae,WD
Cynanchum chinense,¶ìÈŞÌÙ,6,8,8,10,Cynanchum,Asclepiadaceae,CB
Cynanchum inamoenum,ÖñÁéÏû,5,7,7,10,Cynanchum,Asclepiadaceae,CB
Cynanchum mongolicum,»ª±±°×Ç°,5,7,6,8,NA,Asclepiadaceae,CB
Cynanchum paniculatum,Ğì³¤Çä,5,7,9,12,NA,Asclepiadaceae,CB
Cynanchum thesioides,µØÉÒ¹Ï,3,8,8,10,Cynanchum,Asclepiadaceae,WD
Cynanchum versicolor,±äÉ«°×Ç°,5,8,7,9,Cynanchum,Asclepiadaceae,WD
Cynanchum wilfordii,¸ôÉ½Ïû,5,9,7,10,Cynanchum,Asclepiadaceae,CB
Cynodon dactylon,¹·ÑÀ¸ù,5,10,5,10,Cynodon,Poaceae,CB
Cyperus amuricus,°¢ÄÂ¶ûÉ¯²İ,7,10,7,10,NA,Cyperaceae,CB
Cyperus compressus,±âËëÉ¯²İ,7,12,7,12,NA,Cyperaceae,CB
Cyperus cuspidatus,³¤¼âÉ¯²İ,6,9,6,9,NA,Cyperaceae,CB
Cyperus difformis,ÒìĞÍÉ¯²İ,7,10,7,10,Cyperus,Cyperaceae,CB
Cyperus exaltatus,¸ß¸ÑÉ¯²İ,6,8,6,8,Cyperus,Cyperaceae,CB
Cyperus fuscus,ºÖËëÉ¯²İ,7,10,7,10,Cyperus,Cyperaceae,CB
Cyperus glomeratus,Í·×´ËëÉ¯²İ,6,10,6,10,NA,Cyperaceae,CB
Cyperus iria,ËéÃ×É¯²İ,6,10,6,10,Cyperus,Cyperaceae,CB
Cyperus michelianus,ĞıÁÛÉ¯²İ,6,9,6,9,Cyperus,Cyperaceae,CB
Cyperus microiria,¾ßÃ¢ËéÃ×É¯²İ,8,10,8,10,Cyperus,Cyperaceae,CB
Cyperus nipponicus,°×ÁÛÉ¯²İ,8,9,8,9,Cyperus,Cyperaceae,CB
Cyperus orthostachyus,ÈıÂÖ²İ,8,10,8,10,Cyperus,Cyperaceae,CB
Cyperus rotundus,Ïã¸½×Ó,5,11,5,11,Cyperus,Cyperaceae,CB
Cypripedium guttatum,×Ïµãè¼À¼,5,7,8,9,Cypripedium,Orchidaceae,CB
Dactylis glomerata,Ñ¼Ã©,5,8,5,8,NA,Poaceae,CB
Dalbergia hupeana,»ÆÌ´,5,7,5,7,NA,Fabaceae,WD
Daphne genkwa,Ü¾»¨,3,5,6,7,Daphne,Thymelaeaceae,WD
Datura metel,Ñó½ğ»¨,3,12,3,12,NA,Solanaceae,CB
Datura stramonium,ÂüÍÓÂŞ,6,10,7,11,NA,Solanaceae,CB
Delphinium grandiflorum var. gilgianum,ÏÙÃ«´äÈ¸,5,9,NA,NA,NA,Ranunculaceae,CB
Descurainia sophia,²¥Äïİï,4,6,4,6,NA,Brassicaceae,CB
Deutzia baroniana,¹³³İäÑÊè,4,5,9,10,Deutzia,Saxifragaceae,WD
Deutzia glabrata,¹âİàäÑÊè,6,7,8,9,Deutzia,Saxifragaceae,WD
Deutzia glabrata var. sessilifolia,ÎŞ±úäÑÊè,5,6,NA,NA,NA,Saxifragaceae,WD
Deutzia grandiflora,´ó»¨äÑÊè,4,6,9,11,NA,Saxifragaceae,WD
Deutzia parviflora,Ğ¡»¨äÑÊè,5,6,8,10,NA,Saxifragaceae,WD
Deyeuxia effusiflora,ÊèËëÒ°ÇàÃ©,7,10,7,10,NA,Poaceae,CB
Deyeuxia pyramidalis,Ò°ÇàÃ©,6,10,6,10,NA,Poaceae,CB
Dianthus chinensis,Ê¯Öñ,5,6,7,9,NA,Caryophyllaceae,CB
Dianthus longicalyx,³¤İàöÄÂó,6,8,8,9,Dianthus,Caryophyllaceae,CB
Dianthus superbus,öÄÂó,6,9,8,10,NA,Caryophyllaceae,CB
Dianthus superbus subsp. alpestris,¸ßÉ½öÄÂó,NA,NA,NA,NA,NA,Caryophyllaceae,CB
Diarrhena mandshurica,Áú³£²İ,6,9,6,9,NA,Poaceae,CB
Diarthron linifolium,²İÈğÏã,5,7,6,8,Diarthron,Thymelaeaceae,CB
Dictamnus dasycarpus,°×ÏÊ,5,5,8,9,NA,Rutaceae,CB
Digitaria ciliaris,ÏËÃ«ÂíÌÆ,5,10,5,10,Digitaria,Poaceae,CB
Digitaria ciliaris var. chrysoblephara,Ã«ÂíÌÆ,6,10,6,10,NA,Poaceae,CB
Digitaria ischaemum,Ö¹ÑªÂíÌÆ,6,11,6,11,Digitaria,Poaceae,CB
Digitaria sanguinalis,ÂíÌÆ,6,9,6,9,Digitaria,Poaceae,CB
Digitaria violascens,×ÏÂíÌÆ,7,11,7,11,Digitaria,Poaceae,CB
Dioscorea nipponica,´©ÁúÊíİ÷,6,8,8,10,Dioscorea,Dioscoreaceae,CB
Dioscorea polystachya,Êíİ÷,6,9,7,11,NA,Dioscoreaceae,CB
Diospyros kaki,ÊÁ,5,6,9,10,NA,Ebenaceae,WD
Diospyros kaki var. silvestris,Ò°ÊÁ,NA,NA,NA,NA,NA,Ebenaceae,WD
Diospyros lotus,¾ıÇ¨×Ó,5,6,10,11,NA,Ebenaceae,WD
Dipsacus japonicus,ÈÕ±¾Ğø¶Ï,8,9,9,11,NA,Dipsacaceae,CB
Disporum sessile,±¦îì²İ,3,6,6,11,Disporum,Liliaceae,CB
Disporum smilacinum,É½¶«ÍòÊÙÖñ,4,5,9,10,Disporum,Liliaceae,CB
Doellingeria scabra,¶«·ç²Ë,6,10,8,10,Doellingeria,Asteraceae,CB
Dontostemon dentatus,»¨Æì¸Ë,5,7,7,8,Dontostemon,Brassicaceae,CB
Draba nemorosa,İãÜÂ,3,6,3,6,NA,Brassicaceae,CB
Duchesnea indica,Éßİ®,6,8,8,10,Duchesnea,Rosaceae,CB
Echinochloa caudata,³¤Ã¢°Ş,6,11,6,11,NA,Poaceae,CB
Echinochloa crusgalli var. mitis,ÎŞÃ¢°Ş,NA,NA,NA,NA,NA,Poaceae,CB
Echinochloa crusgalli var. zelayensis,Î÷À´°Ş,NA,NA,NA,NA,NA,Poaceae,CB
Echinochloa oryzoides,Ë®Ìï°Ş,7,10,7,10,Echinochloa,Poaceae,CB
Echinops dissectus,ºÖÃ«À¶´ÌÍ·,7,8,7,8,Echinops,Asteraceae,CB
Echinops grijsii,»ª¶«À¶´ÌÍ·,7,10,7,10,Echinops,Asteraceae,CB
Echinops setifer,²ÚÃ«À¶´ÌÍ·,8,9,8,9,Echinops,Asteraceae,CB
Eclipta prostrata,÷¯³¦,6,9,NA,NA,Eclipta,Asteraceae,CB
Ehretia acuminata,ºñ¿ÇÊ÷,NA,NA,NA,NA,NA,Boraginaceae,WD
Elaeagnus angustifolia,É³Ôæ,5,6,9,9,NA,Elaeagnaceae,WD
Elaeagnus macrophylla,´óÒ¶ºúÍÇ×Ó,9,10,3,4,Elaeagnus,Elaeagnaceae,WD
Elaeagnus multiflora,Ä¾°ëÏÄ,5,5,6,7,NA,Elaeagnaceae,WD
Elaeagnus umbellata,Å£ÄÌ×Ó,4,5,7,8,NA,Elaeagnaceae,WD
Eleocharis atropurpurea,×Ï¹ûİş,6,10,6,10,NA,Cyperaceae,CB
Eleocharis dulcis,İ©Üù,5,10,5,10,NA,Cyperaceae,CB
Eleocharis migoana,½­ÄÏİ©Üù,4,8,4,8,NA,Cyperaceae,CB
Eleocharis valleculosa var. setosa,¾ß¸ÕÃ«İ©Üù,6,8,6,8,NA,Cyperaceae,CB
Eleocharis wichurai,ÓğÃ«İ©Üù,NA,NA,NA,NA,NA,Cyperaceae,CB
Eleusine coracana,·_,5,9,5,9,NA,Poaceae,CB
Eleusine indica,Å£½î²İ,6,10,6,10,Eleusine,Poaceae,CB
Eleutherococcus sessiliflorus,ÎŞ¹£Îå¼Ó,8,9,9,11,Eleutherococcus,Araliaceae,WD
Elsholtzia saxatilis,ÑÒÉúÏãŞ¸,9,10,10,11,NA,Lamiaceae,CB
Elsholtzia splendens,º£ÖŞÏãŞ¸,9,11,9,11,NA,Lamiaceae,CB
Elymus ciliaris,ÏËÃ«Åû¼î²İ,5,7,5,7,NA,Poaceae,CB
Elymus ciliaris var. hackelianus,ÈÕ±¾ÏËÃ«²İ,5,7,5,7,NA,Poaceae,CB
Elymus ciliaris var. submuticus,¶ÌÃ¢ÏËÃ«²İ,5,7,5,7,NA,Poaceae,CB
Elymus dahuricus,Åû¼î²İ,6,8,6,8,NA,Poaceae,CB
Elymus excelsus,·ÊÅû¼î²İ,7,8,7,8,NA,Poaceae,CB
Elymus hybridus,ÔÓ½»Åû¼î²İ,5,7,5,7,NA,Poaceae,CB
Elymus kamoji,¿ÂÃÏÅû¼î²İ,5,7,5,7,NA,Poaceae,CB
Elymus pendulinus,ÔµÃ«Åû¼î²İ,5,7,5,7,NA,Poaceae,CB
Elymus shandongensis,É½¶«Åû¼î²İ,7,8,7,8,NA,Poaceae,CB
Epilobium amurense subsp. cephalostigma,¹â»¬ÁøÒ¶²Ë,6,9,8,10,NA,Onagraceae,CB
Epilobium fastigiatoramosum,¶àÖ¦ÁøÒ¶²Ë,7,8,8,9,NA,Onagraceae,CB
Epilobium hirsutum,ÁøÒ¶²Ë,6,8,7,9,NA,Onagraceae,CB
Epilobium palustre,ÕÓÉúÁøÒ¶²Ë,6,8,8,9,NA,Onagraceae,CB
Epilobium parviflorum,Ğ¡»¨ÁøÒ¶²Ë,6,9,7,10,NA,Onagraceae,CB
Epilobium pyrricholophum,³¤×ÑÁøÒ¶²Ë,7,9,8,11,Epilobium,Onagraceae,CB
Epipactis xanthophaea,±±»ğÉÕÀ¼,7,7,9,9,Epipactis,Orchidaceae,CB
Eragrostis autumnalis,Çï»­Ã¼²İ,7,11,7,11,Eragrostis,Poaceae,CB
Eragrostis cilianensis,´ó»­Ã¼²İ,7,10,7,10,Eragrostis,Poaceae,CB
Eragrostis ferruginea,Öª·ç²İ,8,12,8,12,Eragrostis,Poaceae,CB
Eragrostis minor,Ğ¡»­Ã¼²İ,6,9,6,9,Eragrostis,Poaceae,CB
Eragrostis multicaulis,¶à¸Ñ»­Ã¼²İ,7,8,7,8,NA,Poaceae,CB
Eragrostis pilosa,»­Ã¼²İ,8,11,8,11,Eragrostis,Poaceae,CB
Eragrostis tenella,öêÓã²İ,4,8,4,8,NA,Poaceae,CB
Erigeron acer,·ÉÅî,7,9,NA,NA,Erigeron,Asteraceae,CB
Eriocaulon decemflorum,³¤°ú¹È¾«²İ,8,9,9,10,Eriocaulon,Eriocaulaceae,CB
Eriocaulon taishanense,Ì©É½¹È¾«²İ,10,10,10,10,NA,Eriocaulaceae,CB
Eriochloa villosa,Ò°Êò,7,10,7,10,Eriochloa,Poaceae,CB
Erodium cicutarium,ÇÛÒ¶ ½Å£¶ùÃç,6,7,7,10,NA,Geraniaceae,CB
Erodium stephanianum, ½Å£¶ùÃç,6,8,8,9,Erodium,Geraniaceae,CB
Erysimum amurense,Á¸½æ,5,8,6,10,NA,Brassicaceae,CB
Erysimum cheiranthoides,Ğ¡»¨ÌÇ½æ,5,8,6,9,NA,Brassicaceae,CB
Erysimum macilentum,²¨³İÌÇ½æ,3,7,3,7,Erysimum,Brassicaceae,CB
Eucommia ulmoides,¶ÅÖÙ,3,5,6,11,NA,Eucommiaceae,WD
Eulalia speciosa,½ğÃ©,8,11,8,11,Eulalia,Poaceae,CB
Euonymus alatus,ÎÀÃ¬,4,7,7,11,NA,Celastraceae,WD
Euonymus fortunei,·ö·¼ÌÙ,4,7,9,12,NA,Celastraceae,WD
Euonymus hamiltonianus,Î÷ÄÏÎÀÃ¬,4,7,8,11,Euonymus,Celastraceae,WD
Euonymus maackii,°×¶Å,4,7,8,11,NA,Celastraceae,WD
Euonymus oxyphyllus,´¹Ë¿ÎÀÃ¬,4,6,8,11,Euonymus,Celastraceae,WD
Eupatorium fortunei,ÅåÀ¼,7,11,7,11,NA,Asteraceae,CB
Eupatorium japonicum,°×Í·ÆÅ,6,11,6,11,NA,Asteraceae,CB
Eupatorium lindleyanum,ÁÖÔóÀ¼,5,12,5,12,NA,Asteraceae,CB
Euphorbia fischeriana,ÀÇ¶¾,5,7,5,7,NA,Euphorbiaceae,CB
Euphorbia humifusa,µØ½õ,5,10,5,10,NA,Euphorbiaceae,CB
Euphorbia indica,ÄÏÑÇ´óêª,NA,NA,NA,NA,NA,Euphorbiaceae,CB
Euphorbia maculata,°ßµØ½õ,4,9,4,9,NA,Euphorbiaceae,CB
Euphorbia pekinensis,´óêª,5,8,6,9,NA,Euphorbiaceae,CB
Euphorbia pilosa,Ã«´óêª,6,8,6,8,NA,Euphorbiaceae,CB
Euphorbia sieboldiana,¹³ÏÙ´óêª,4,9,4,9,Euphorbia,Euphorbiaceae,CB
Euphrasia pectinata subsp. simplex,¸ßÖ¦Ğ¡Ã×²İ,8,9,NA,NA,NA,Scrophulariaceae,CB
Euryale ferox,ÜÍÊµ,7,8,8,9,NA,Nymphaeaceae,CB
Euscaphis japonica,Ò°Ñ»´»,5,6,8,9,Euscaphis,Staphyleaceae,WD
Evodia daniellii,³ôÌ´ÎâİÇ,6,8,9,11,NA,Rutaceae,WD
Exochorda racemosa,°×¾éÃ·,5,5,6,8,NA,Rosaceae,WD
Fallopia dentatoalata,³İ³áŞ¤,7,8,9,10,NA,Polygonaceae,CB
Fallopia dumetorum,ÀéŞ¤,6,8,8,9,Fallopia,Polygonaceae,CB
Fallopia dumetorum var. pauciflora,Êè»¨ÀéŞ¤,6,7,7,8,NA,Polygonaceae,CB
Ferula licentiana,Ì«ĞĞ°¢Îº,5,6,6,7,Ferula,Apiaceae,CB
Ferula licentiana var. tunshanica,Í­É½°¢Îº,NA,NA,NA,NA,NA,Apiaceae,CB
Festuca extremiorientalis,Ô¶¶«ÑòÃ©,6,8,6,8,Festuca,Poaceae,CB
Festuca parvigluma,Ğ¡Ó±ÑòÃ©,4,7,4,7,Festuca,Poaceae,CB
Festuca rubra,×ÏÑòÃ©,6,9,NA,NA,Festuca,Poaceae,CB
Ficus elastica,Ó¡¶ÈéÅ,12,´ÎÄê2,NA,NA,NA,Moraceae,WD
Fimbristylis bisumbellata,¸´ĞòÆ®·÷²İ,7,9,7,9,NA,Cyperaceae,CB
Fimbristylis complanata,±âÇÊÆ®·÷²İ,6,10,6,10,NA,Cyperaceae,CB
Fimbristylis dichotoma,Á½ÆçÆ®·÷²İ,7,10,7,10,Fimbristylis,Cyperaceae,CB
Fimbristylis dichotoma f. depauperata,°«Á½ÆçÆ®·÷²İ,NA,NA,NA,NA,NA,Cyperaceae,CB
Fimbristylis longispica,³¤ËëÆ®·÷²İ,8,9,8,9,Fimbristylis,Cyperaceae,CB
Fimbristylis miliacea,Ë®Ê­²İ,5,10,5,10,NA,Cyperaceae,CB
Fimbristylis squarrosa,ÆèÅÏÆ®·÷²İ,9,9,NA,NA,Fimbristylis,Cyperaceae,CB
Fimbristylis stauntoni,ÑÌÌ¨Æ®·÷²İ,7,10,7,10,Fimbristylis,Cyperaceae,CB
Fimbristylis subbispicata,Ë«ËëÆ®·÷²İ,6,8,9,10,NA,Cyperaceae,CB
Firmiana simplex,ÎàÍ©,6,6,NA,NA,NA,Sterculiaceae,WD
Flueggea suffruticosa,Ò»Ò¶Èc,3,8,6,11,Flueggea,Euphorbiaceae,WD
Flueggea virosa,°×·¹Ê÷,3,8,7,12,Flueggea,Euphorbiaceae,WD
Fontanesia phillyreoides subsp. fortunei,Ñ©Áø,NA,NA,NA,NA,NA,Oleaceae,WD
Forsythia suspensa,Á¬ÇÌ,3,4,7,9,NA,Oleaceae,WD
Forsythia viridissima,½ğÖÓ»¨,3,4,8,11,NA,Oleaceae,WD
Fraxinus bungeana,Ğ¡Ò¶—q,5,5,8,9,Fraxinus,Oleaceae,WD
Fraxinus chinensis,°×À¯Ê÷,4,5,7,9,Fraxinus,Oleaceae,WD
Fraxinus chinensis subsp. rhynchophylla,»¨ÇúÁø,4,5,9,10,NA,Oleaceae,WD
Fuirena ciliaris,Ã«Ü½À¼²İ,7,12,7,12,Fuirena,Cyperaceae,CB
Gagea lutea,¶¥±ù»¨,3,4,3,4,NA,Liliaceae,CB
Galium aparine var. tenerum,ÖíÑêÑê,3,7,4,11,NA,Rubiaceae,CB
Galium boreale,±±·½À­À­ÌÙ,5,8,6,10,NA,Rubiaceae,CB
Galium bungei,ËÄÒ¶È„,4,9,5,´ÎÄê1,Galium,Rubiaceae,CB
Galium bungei var. angustifolium,ÏÁÒ¶ËÄÒ¶È„,6,7,8,10,NA,Rubiaceae,CB
Galium maximowiczii,ÒìÒ¶ÂÖ²İ,6,7,7,10,Galium,Rubiaceae,CB
Galium platygalium,ÂÑÒ¶ÂÖ²İ,7,9,7,9,Galium,Rubiaceae,CB
Galium verum var. asiaticum,³¤Ò¶Åî×Ó²Ë,6,8,6,8,NA,Rubiaceae,CB
Galium verum var. trachyphyllum,´Ö²ÚÅî×Ó²Ë,5,8,8,9,NA,Rubiaceae,CB
Gardenia jasminoides,èÙ×Ó,3,7,5,´ÎÄê2,NA,Rubiaceae,WD
Gastrodia elata,ÌìÂé,5,7,5,7,NA,Orchidaceae,CB
Gentiana manshurica,ÌõÒ¶Áúµ¨,8,11,8,11,Gentiana,Gentianaceae,CB
Gentiana pseudoaquatica,¼ÙË®ÉúÁúµ¨,4,8,4,8,NA,Gentianaceae,CB
Gentiana squarrosa,ÁÛÒ¶Áúµ¨,4,9,4,9,Gentiana,Gentianaceae,CB
Gentiana yokusai,»ÒÂÌÁúµ¨,3,9,3,9,Gentiana,Gentianaceae,CB
Gentiana zollingeri,±ÊÁúµ¨,4,6,NA,NA,Gentiana,Gentianaceae,CB
Geranium koreanum,³¯ÏÊÀÏğÙ²İ,7,8,8,9,Geranium,Geraniaceae,CB
Geranium pratense,²İµØÀÏğÙ²İ,6,7,7,9,Geranium,Geraniaceae,CB
Geranium sibiricum,ÊóÕÆÀÏğÙ²İ,6,7,8,9,Geranium,Geraniaceae,CB
Geranium wilfordii,ÀÏğÙ²İ,6,8,8,9,Geranium,Geraniaceae,CB
Geranium wlassowianum,»Ò±³ÀÏğÙ²İ,7,8,8,9,NA,Geraniaceae,CB
Gerbera anandria,´ó¶¡²İ,8,11,NA,NA,NA,Asteraceae,CB
Geum aleppicum,Â·±ßÇà,7,10,7,10,Geum,Rosaceae,CB
Geum japonicum var. chinense,ÈáÃ«Â·±ßÇà,5,10,5,10,NA,Rosaceae,CB
Glaux maritima,º£Èé²İ,6,6,7,8,NA,Primulaceae,CB
Glechoma longituba,»îÑªµ¤,4,5,5,6,NA,Lamiaceae,CB
Gleditsia japonica,É½Ôí¼Ô,4,6,6,11,NA,Fabaceae,WD
Gleditsia microphylla,Ò°Ôí¼Ô,6,7,7,10,Gleditsia,Fabaceae,WD
Gleditsia sinensis,Ôí¼Ô,3,5,5,12,NA,Fabaceae,WD
Glehnia littoralis,Éºº÷²Ë,6,8,6,8,NA,Apiaceae,CB
Glochidion puberum,ËãÅÌ×Ó,4,8,7,11,Glochidion,Euphorbiaceae,WD
Glyceria leptolepis,¼ÙÊó¸¾²İ,6,9,6,9,Glyceria,Poaceae,CB
Glycine max,´ó¶¹,6,7,7,9,Glycine,Fabaceae,CB
Glycine soja,Ò°´ó¶¹,7,8,8,10,NA,Fabaceae,CB
Glycyrrhiza pallidiflora,´Ì¹û¸Ê²İ,6,7,7,9,NA,Fabaceae,CB
Glycyrrhiza squamulosa,Ô²¹û¸Ê²İ,5,7,6,9,Glycyrrhiza,Fabaceae,CB
Glycyrrhiza uralensis,¸Ê²İ,6,8,7,10,NA,Fabaceae,CB
Gnaphalium affine,Êóôğ²İ,1,4,8,11,NA,Asteraceae,CB
Gnaphalium luteo-album,Ë¿Ãà²İ,5,9,NA,NA,Gnaphalium,Asteraceae,CB
Goodyera repens,Ğ¡°ßÒ¶À¼,7,8,NA,NA,Goodyera,Orchidaceae,CB
Grewia biloba,±âµ£¸Ë,5,7,NA,NA,Grewia,Tiliaceae,WD
Grewia biloba var. parviflora,Ğ¡»¨±âµ£¸Ë,NA,NA,NA,NA,NA,Tiliaceae,WD
Gueldenstaedtia verna,ÉÙ»¨Ã×¿Ú´ü,5,5,6,7,Gueldenstaedtia,Fabaceae,CB
Gueldenstaedtia verna f. alba,°×»¨Ã×¿Ú´ü,5,5,6,7,NA,Fabaceae,CB
Gypsophila oldhamiana,³¤ÈïÊ¯Í·»¨,6,9,8,10,NA,Caryophyllaceae,CB
Habenaria schindleri,Ê®×ÖÀ¼,7,10,NA,NA,NA,Orchidaceae,CB
Hemarthria altissima,´óÅ£±Ş²İ,6,11,6,11,NA,Poaceae,CB
Hemarthria sibirica,Å£±Ş²İ,7,10,7,10,NA,Poaceae,CB
Hemerocallis citrina,»Æ»¨²Ë,5,9,5,9,NA,Liliaceae,CB
Hemerocallis esculenta,±±İæ²İ,5,8,5,8,Hemerocallis,Liliaceae,CB
Hemerocallis lilioasphodelus,±±»Æ»¨²Ë,6,9,6,9,NA,Liliaceae,CB
Hemerocallis minor,Ğ¡»Æ»¨²Ë,5,9,5,9,NA,Liliaceae,CB
Hemiptelea davidii,´ÌÓÜ,4,5,9,10,NA,Ulmaceae,WD
Heracleum moellendorffii,¶ÌÃ«¶À»î,7,7,8,10,Heracleum,Apiaceae,CB
Heracleum moellendorffii var. paucivittatum,ÉÙ¹Ü¶ÌÃ«¶À»î,NA,NA,NA,NA,NA,Apiaceae,CB
Herminium monorchis,½ÇÅÌÀ¼,7,8,NA,NA,NA,Orchidaceae,CB
Heteropappus altaicus,°¢¶ûÌ©¹·ÍŞ»¨,5,9,NA,NA,Heteropappus,Asteraceae,CB
Heteropappus hispidus,¹·ÍŞ»¨,7,9,8,9,NA,Asteraceae,CB
Hibiscus mutabilis,Ä¾Ü½ÈØ,8,10,NA,NA,NA,Malvaceae,WD
Hibiscus syriacus,Ä¾éÈ,7,10,NA,NA,NA,Malvaceae,WD
Hibiscus trionum,Ò°Î÷¹ÏÃç,7,10,NA,NA,NA,Malvaceae,CB
Hieracium umbellatum,É½Áø¾Õ,7,9,7,9,Hieracium,Asteraceae,CB
Hovenia acerba,è×—º,5,7,8,10,Hovenia,Rhamnaceae,WD
Humulus scandens,È„²İ,3,8,9,11,NA,Cannabaceae,CB
Hydrilla verticillata,ºÚÔå,5,10,5,10,NA,Hydrocharitaceae,CB
Hydrocharis dubia,Ë®±î,8,10,8,10,NA,Hydrocharitaceae,CB
Hylodesmum podocarpum,³¤±úÉ½Âì»È,8,9,8,9,NA,Fabaceae,CB
Hylotelephium erythrostictum,°Ë±¦,8,10,NA,NA,NA,Crassulaceae,CB
Hylotelephium spectabile,³¤Ò©°Ë±¦,8,9,9,10,Hylotelephium,Crassulaceae,CB
Hylotelephium verticillatum,ÂÖÒ¶°Ë±¦,7,8,9,9,Hylotelephium,Crassulaceae,CB
Hypecoum erectum,½ÇÜîÏã,5,8,5,8,Hypecoum,Papaveraceae,CB
Hypericum ascyron,»Æº£ÌÄ,7,8,8,9,Hypericum,Clusiaceae,CB
Hypericum attenuatum,¸ÏÉ½±Ş,7,8,8,9,Hypericum,Clusiaceae,CB
Hypericum erectum,Ğ¡Á¬ÇÌ,7,8,8,9,Hypericum,Clusiaceae,CB
Hypericum japonicum,µØ¶ú²İ,3,3,6,10,Hypericum,Clusiaceae,CB
Hypericum monogynum,½ğË¿ÌÒ,5,8,8,9,NA,Clusiaceae,WD
Hypericum perforatum,¹áÒ¶Á¬ÇÌ,6,9,7,10,NA,Clusiaceae,CB
Hypochaeris ciliata,Ã¨¶ù¾Õ,6,9,6,9,Hypochaeris,Asteraceae,CB
Idesia polycarpa,É½Í©×Ó,4,5,10,11,NA,Flacourtiaceae,WD
Idesia polycarpa var. vestita,Ã«Ò¶É½Í©×Ó,4,5,10,11,NA,Flacourtiaceae,WD
Ilex chinensis,¶¬Çà,4,6,7,12,NA,Aquifoliaceae,WD
Ilex cornuta,èÛ¹Ç,4,5,10,12,NA,Aquifoliaceae,WD
Impatiens furcillata,¶«±±·ïÏÉ»¨,NA,NA,NA,NA,NA,Balsaminaceae,CB
Impatiens noli-tangere,Ë®½ğ·ï,7,9,NA,NA,Impatiens,Balsaminaceae,CB
Imperata cylindrica,°×Ã©,4,8,4,8,Imperata,Poaceae,CB
Imperata cylindrica var. major,´ó°×Ã©,5,8,5,8,NA,Poaceae,CB
Incarvillea sinensis,½Çİï,5,9,10,11,Incarvillea,Bignoniaceae,CB
Indigofera amblyantha,¶à»¨Ä¾À¶,5,7,9,11,Indigofera,Fabaceae,WD
Indigofera bungeana,ºÓ±±Ä¾À¶,5,6,8,10,Indigofera,Fabaceae,WD
Indigofera kirilowii,»¨Ä¾À¶,5,7,8,8,NA,Fabaceae,WD
Indigofera pseudotinctoria,Âí¼¬,5,8,9,10,Indigofera,Fabaceae,WD
Indocalamus latifolius,À«Ò¶óèÖñ,1,8,NA,NA,NA,Poaceae,WD
Inula britannica,Å·ÑÇĞı¸²»¨,6,9,NA,NA,NA,Asteraceae,CB
Inula japonica,Ğı¸²»¨,6,10,9,11,Inula,Asteraceae,CB
Inula lineariifolia,ÏßÒ¶Ğı¸²»¨,7,8,8,10,NA,Asteraceae,CB
Inula salicina,ÁøÒ¶Ğı¸²»¨,6,9,9,10,NA,Asteraceae,CB
Iris bloudowii,ÖĞÑÇğ°Î²,5,5,6,8,Iris,Iridaceae,CB
Iris dichotoma,Ò°ğ°Î²,7,8,8,9,NA,Iridaceae,CB
Iris ensata,Óñ²õ»¨,6,7,8,9,Iris,Iridaceae,CB
Iris lactea,°×»¨Âíİş,5,6,6,9,Iris,Iridaceae,CB
Iris mandshurica,³¤°×ğ°Î²,5,5,6,8,Iris,Iridaceae,CB
Iris ruthenica,×Ï°úğ°Î²,5,6,7,8,Iris,Iridaceae,CB
Isachne globosa,ÁøÒ¶óè,6,11,6,11,NA,Poaceae,CB
Ischaemum anthephoroides,Ã«Ñ¼×ì²İ,6,9,6,9,NA,Poaceae,CB
Isodon inflexus,ÄÚÕÛÏã²è²Ë,8,10,10,10,Isodon,Lamiaceae,CB
Isodon japonicus,Ã«Ò¶Ïã²è²Ë,7,8,9,10,NA,Lamiaceae,CB
Isodon japonicus var. glaucocalyx,À¶İàÃ«Ò¶Ïã²è²Ë,NA,NA,NA,NA,NA,Lamiaceae,CB
Isodon rubescens,ËéÃ×èâ,7,10,8,11,Isodon,Lamiaceae,WD
Ixeridium chinense,ÖĞ»ªĞ¡¿àİ¤,1,10,1,10,NA,Asteraceae,CB
Ixeridium dentatum,Ğ¡¿àİ¤,4,8,4,8,NA,Asteraceae,CB
Ixeridium gramineum,Õ­Ò¶Ğ¡¿àİ¤,3,9,3,9,Ixeridium,Asteraceae,CB
Ixeridium sonchifolium,±§¾¥Ğ¡¿àİ¤,3,5,3,5,Ixeridium,Asteraceae,CB
Ixeris polycephala,¿àİ¤²Ë,3,6,3,6,Ixeris,Asteraceae,CB
Jasminum floridum,Ì½´º»¨,5,9,9,10,NA,Oleaceae,WD
Jasminum nudiflorum,Ó­´º»¨,6,6,NA,NA,NA,Oleaceae,WD
Juglans mandshurica,ºúÌÒé±,5,5,8,9,NA,Juglandaceae,WD
Juglans regia,ºúÌÒ,5,5,10,10,NA,Juglandaceae,WD
Juncellus serotinus,Ë®É¯²İ,7,10,7,10,NA,Cyperaceae,CB
Juncus alatus,³á¾¥µÆĞÄ²İ,4,7,5,10,Juncus,Juncaceae,CB
Juncus articulatus,Ğ¡»¨µÆĞÄ²İ,6,7,8,9,Juncus,Juncaceae,CB
Juncus bufonius,Ğ¡µÆĞÄ²İ,5,7,6,9,Juncus,Juncaceae,CB
Juncus diastrophanthus,ĞÇ»¨µÆĞÄ²İ,5,6,6,7,Juncus,Juncaceae,CB
Juncus effusus,µÆĞÄ²İ,4,7,6,9,Juncus,Juncaceae,CB
Juncus gracillimus,±â¾¥µÆĞÄ²İ,5,7,6,8,NA,Juncaceae,CB
Juncus papillosus,ÈéÍ·µÆĞÄ²İ,7,8,8,9,Juncus,Juncaceae,CB
Juncus prismatocarpus,óÇÊ¯İÅ,3,6,7,8,Juncus,Juncaceae,CB
Juncus taonanensis,ä¬ÄÏµÆĞÄ²İ,6,8,7,9,Juncus,Juncaceae,CB
Juncus tenuis,¼á±»µÆĞÄ²İ,6,7,8,9,Juncus,Juncaceae,CB
Juncus wallichianus,ÕëµÆĞÄ²İ,7,8,8,9,Juncus,Juncaceae,CB
Kalimeris integrifolia,È«Ò¶ÂíÀ¼,6,10,7,11,Kalimeris,Asteraceae,CB
Kalimeris lautureana,É½ÂíÀ¼,6,10,6,10,NA,Asteraceae,CB
Kalopanax septemlobus,´Ìé±,7,10,9,12,Kalopanax,Araliaceae,WD
Kochia scoparia,µØ·ô,6,9,7,10,NA,Chenopodiaceae,CB
Kochia scoparia var. sieversiana,¼îµØ·ô,NA,NA,NA,NA,NA,Chenopodiaceae,CB
Koelreuteria paniculata,èïÊ÷,6,8,9,10,NA,Sapindaceae,WD
Kummerowia stipulacea,³¤İà¼¦ÑÛ²İ,7,8,8,10,Kummerowia,Fabaceae,CB
Kummerowia striata,¼¦ÑÛ²İ,7,9,8,10,Kummerowia,Fabaceae,CB
Kyllinga brevifolia var. leiolepis,ÎŞ´ÌÁÛË®òÚò¼,5,10,5,10,NA,Cyperaceae,CB
Lagerstroemia indica,×ÏŞ±,6,9,9,11,NA,Lythraceae,WD
Lagopsis supina,ÏÄÖÁ²İ,3,4,5,6,NA,Lamiaceae,CB
Lamium barbatum,Ò°Ö¥Âé,4,6,7,8,NA,Lamiaceae,CB
Laportea cuspidata,°¬Âé,6,7,8,9,Laportea,Urticaceae,CB
Lathyrus davidii,ÜüÃ¢ÏãÍã¶¹,5,7,8,9,Lathyrus,Fabaceae,CB
Lathyrus maritimus,º£±õÉ½÷ó¶¹,5,7,7,8,NA,Fabaceae,CB
Lathyrus maritimus var. pubescens,Ã«º£±õÉ½÷ó¶¹,5,7,7,8,NA,Fabaceae,CB
Lathyrus quinquenervius,É½÷ó¶¹,5,7,8,9,Lathyrus,Fabaceae,CB
Leersia japonica,¼Ùµ¾,6,11,6,11,NA,Poaceae,CB
Leersia sayanuka,ïõ¿Ç²İ,9,11,9,11,NA,Poaceae,CB
Lemna minor,¸¡Æ¼,5,9,NA,NA,NA,Lemnaceae,CB
Lemna trisulca,Æ·Ôå,5,9,NA,NA,NA,Lemnaceae,CB
Leontopodium leontopodioides,»ğÈŞ²İ,7,10,7,10,Leontopodium,Asteraceae,CB
Leontopodium smithianum,¾îÈ×»ğÈŞ²İ,6,8,8,10,Leontopodium,Asteraceae,CB
Leonurus japonicus,ÒæÄ¸²İ,6,9,9,10,Leonurus,Lamiaceae,CB
Leonurus macranthus,´ó»¨ÒæÄ¸²İ,7,9,9,9,Leonurus,Lamiaceae,CB
Leonurus pseudomacranthus,öÉ²Ë,8,9,9,10,Leonurus,Lamiaceae,CB
Leonurus sibiricus,Ï¸Ò¶ÒæÄ¸²İ,7,9,9,9,NA,Lamiaceae,CB
Lepidium apetalum,¶ÀĞĞ²Ë,4,8,5,9,NA,Brassicaceae,CB
Lepidium latifolium,¿íÒ¶¶ÀĞĞ²Ë,5,9,6,10,NA,Brassicaceae,CB
Leptochloa fusca,Ë«ïû²İ,6,9,6,9,Leptochloa,Poaceae,CB
Leptopus chinensis,È¸¶ùÉàÍ·,2,8,6,10,Leptopus,Euphorbiaceae,WD
Lespedeza bicolor,ºúÖ¦×Ó,7,9,9,10,NA,Fabaceae,WD
Lespedeza caraganae,³¤Ò¶ºúÖ¦×Ó,6,9,10,10,Lespedeza,Fabaceae,WD
Lespedeza cuneata,½ØÒ¶ÌúÉ¨Öã,7,8,9,10,NA,Fabaceae,WD
Lespedeza cyrtobotrya,¶Ì¹£ºúÖ¦×Ó,7,8,9,9,Lespedeza,Fabaceae,WD
Lespedeza davurica,ĞË°²ºúÖ¦×Ó,7,8,9,10,Lespedeza,Fabaceae,WD
Lespedeza floribunda,¶à»¨ºúÖ¦×Ó,6,9,9,10,Lespedeza,Fabaceae,WD
Lespedeza formosa,ÃÀÀöºúÖ¦×Ó,7,9,9,10,NA,Fabaceae,WD
Lespedeza inschanica,ÒõÉ½ºúÖ¦×Ó,NA,NA,NA,NA,NA,Fabaceae,WD
Lespedeza juncea,¼âÒ¶ÌúÉ¨Öã,7,9,9,10,Lespedeza,Fabaceae,WD
Lespedeza potaninii,Å£Ö¦×Ó,7,9,9,10,Lespedeza,Fabaceae,WD
Lespedeza tomentosa,ÈŞÃ«ºúÖ¦×Ó,7,8,9,10,NA,Fabaceae,WD
Lespedeza tomentosa var. globiracemosa,ÇòĞòÈŞÃ«ºúÖ¦×Ó,7,8,9,10,NA,Fabaceae,WD
Lespedeza virgata,Ï¸¹£ºúÖ¦×Ó,7,9,9,10,Lespedeza,Fabaceae,WD
Leymus chinensis,Ñò²İ,6,8,6,8,Leymus,Poaceae,CB
Leymus mollis,±õ²İ,5,5,NA,NA,Leymus,Poaceae,CB
Libanotis jinanensis,¼ÃÄÏÑÒ·ç,8,10,8,10,NA,Apiaceae,CB
Libanotis lancifolia,ÌõÒ¶ÑÒ·ç,9,10,10,11,Libanotis,Apiaceae,CB
Libanotis seseloides,ÏãÇÛ,7,9,8,10,Libanotis,Apiaceae,CB
Ligularia stenocephala,Õ­Í·éÒÎá,7,12,7,12,Ligularia,Asteraceae,CB
Ligusticum ajanense,ºÚË®ÑÒÜîÏã,7,8,8,10,Ligusticum,Apiaceae,CB
Ligusticum jeholense,ÁÉŞ»±¾,8,8,9,10,Ligusticum,Apiaceae,CB
Ligustrum leucanthum,À¯×ÓÊ÷,6,7,8,11,Ligustrum,Oleaceae,WD
Ligustrum lucidum,Å®Õê,5,7,7,´ÎÄê5,NA,Oleaceae,WD
Ligustrum obtusifolium,Ë®À¯Ê÷,5,6,8,10,NA,Oleaceae,WD
Ligustrum obtusifolium subsp. suave,ÁÉ¶«Ë®À¯Ê÷,5,6,8,10,NA,Oleaceae,WD
Ligustrum quihoui,Ğ¡Ò¶Å®Õê,5,7,8,11,NA,Oleaceae,WD
Lilium brownii var. viridulum,°ÙºÏ,NA,NA,NA,NA,NA,Liliaceae,CB
Lilium concolor,ä×µ¤,6,7,8,9,Lilium,Liliaceae,CB
Lilium concolor var. pulchellum,ÓĞ°ß°ÙºÏ,6,7,8,9,NA,Liliaceae,CB
Lilium pumilum,É½µ¤,7,8,9,10,Lilium,Liliaceae,CB
Lilium tigrinum,¾íµ¤,7,8,9,10,NA,Liliaceae,CB
Lilium tsingtauense,Çàµº°ÙºÏ,6,6,8,8,Lilium,Liliaceae,CB
Limonium bicolor,¶şÉ«²¹Ñª²İ,5,7,6,8,NA,Plumbaginaceae,CB
Limonium franchetii,ÑÌÌ¨²¹Ñª²İ,5,7,6,8,NA,Plumbaginaceae,CB
Limonium sinense,²¹Ñª²İ,6,11,NA,NA,NA,Plumbaginaceae,CB
Linaria vulgaris,Áø´©Óã,6,9,NA,NA,Linaria,Scrophulariaceae,CB
Linaria vulgaris subsp. chinensis,Áø´©ÓãÔ­ÑÇÖÖ,6,9,NA,NA,NA,Scrophulariaceae,CB
Lindera angustifolia,ÏÁÒ¶É½ºú½·,3,4,9,10,Lindera,Lauraceae,WD
Lindera erythrocarpa,ºì¹ûÉ½ºú½·,4,4,9,10,Lindera,Lauraceae,WD
Lindera glauca,É½ºú½·,3,4,7,8,Lindera,Lauraceae,WD
Lindera obtusiloba,ÈıèâÎÚÒ©,3,4,8,9,Lindera,Lauraceae,WD
Lindernia crustacea,Ä¸²İ,1,12,1,12,Lindernia,Scrophulariaceae,CB
Lindernia procumbens,Ä°ÉÏ²Ë,7,10,9,11,Lindernia,Scrophulariaceae,CB
Lindernia taishanensis,Ì©É½Ä¸²İ,10,10,10,10,NA,Scrophulariaceae,CB
Linum stelleroides,Ò°ÑÇÂé,6,9,8,10,Linum,Linaceae,CB
Liparis japonica,Ñò¶úËâ,6,8,9,10,NA,Orchidaceae,CB
Lipocarpha chinensis,»ªºş¹Ï²İ,6,10,6,10,Lipocarpha,Cyperaceae,CB
Lipocarpha microcephala,ºş¹Ï²İ,6,10,6,10,NA,Cyperaceae,CB
Liquidambar formosana,·ãÏãÊ÷,3,6,7,9,NA,Hamamelidaceae,WD
Liriodendron chinense,¶ìÕÆé±,5,5,9,10,NA,Magnoliaceae,WD
Liriope graminifolia,ºÌÒ¶É½Âó¶¬,6,8,9,11,NA,Liliaceae,CB
Liriope muscari,À«Ò¶É½Âó¶¬,7,8,9,11,NA,Liliaceae,CB
Liriope spicata,É½Âó¶¬,5,7,8,10,NA,Liliaceae,CB
Lithospermum arvense,Ìï×Ï²İ,4,8,4,8,Lithospermum,Boraginaceae,CB
Lithospermum erythrorhizon,×Ï²İ,6,9,6,9,Lithospermum,Boraginaceae,CB
Lobelia sessilifolia,É½¹£²Ë,7,9,7,9,NA,Campanulaceae,CB
Lonicera chrysantha,½ğ»¨ÈÌ¶¬,5,6,7,9,Lonicera,Caprifoliaceae,WD
Lonicera chrysantha subsp. koehneana,ĞëÈïÈÌ¶¬,NA,NA,NA,NA,NA,Caprifoliaceae,WD
Lonicera fragrantissima subsp. phyllocarpa,Ó£ÌÒÈÌ¶¬,3,4,4,6,NA,Caprifoliaceae,WD
Lonicera fragrantissima subsp. standishii,¿àÌÇ¹û,1,4,5,6,NA,Caprifoliaceae,WD
Lonicera maackii,½ğÒøÈÌ¶¬,5,6,8,10,NA,Caprifoliaceae,WD
Lonicera tatarinowii,»ª±±ÈÌ¶¬,5,6,8,9,Lonicera,Caprifoliaceae,WD
Loranthus tanakae,±±É£¼ÄÉú,5,6,9,10,Loranthus,Loranthaceae,WD
Lychnis cognata,Ç³ÁÑ¼ôÇïÂŞ,6,7,7,8,Lychnis,Caryophyllaceae,CB
Lycium barbarum,ÄşÏÄèÛè½,5,10,5,10,NA,Solanaceae,WD
Lycium chinense,èÛè½,6,11,6,11,NA,Solanaceae,WD
Lycopus lucidus,µØËñ,6,9,8,11,Lycopus,Lamiaceae,CB
Lycopus lucidus var. hirtus,Ó²Ã«µØËñ,NA,NA,NA,NA,NA,Lamiaceae,CB
Lycoris squamigera,Â¹´Ğ,8,8,NA,NA,NA,Amaryllidaceae,CB
Lysimachia barystachys,»¢Î²»¨,5,8,8,10,Lysimachia,Primulaceae,CB
Lysimachia clethroides,°«ÌÒ,5,7,7,10,Lysimachia,Primulaceae,CB
Lysimachia davurica,»ÆÁ¬»¨,6,8,8,9,Lysimachia,Primulaceae,CB
Lysimachia klattiana,ÂÖÒ¶¹ıÂ·»Æ,5,7,8,8,Lysimachia,Primulaceae,CB
Lysimachia mauritiana,±õº£ÕäÖé²Ë,5,6,6,8,Lysimachia,Primulaceae,CB
Lysimachia parvifolia,Ğ¡Ò¶ÕäÖé²Ë,4,6,7,9,NA,Primulaceae,CB
Lysimachia pentapetala,ÏÁÒ¶ÕäÖé²Ë,7,8,8,9,Lysimachia,Primulaceae,CB
Maackia amurensis,³¯ÏÊ»±,6,7,9,10,NA,Fabaceae,WD
Machilus thunbergii,ºìéª,2,2,7,7,Machilus,Lauraceae,WD
Maclura tricuspidata,èÏ,5,6,6,7,NA,Moraceae,WD
Maianthemum japonicum,Â¹Ò©,5,6,8,9,Maianthemum,Liliaceae,CB
Malus asiatica,»¨ºì,4,5,8,9,NA,Rosaceae,WD
Malus baccata,É½¾£×Ó,4,6,9,10,NA,Rosaceae,WD
Malus honanensis,ºÓÄÏº£ÌÄ,5,5,8,9,Malus,Rosaceae,WD
Malus hupehensis,ºş±±º£ÌÄ,4,5,8,9,Malus,Rosaceae,WD
Malus mandshurica,Ã«É½¾£×Ó,5,6,8,9,NA,Rosaceae,WD
Malus prunifolia,é±×Ó,4,5,8,9,NA,Rosaceae,WD
Malus spectabilis,º£ÌÄ»¨,4,5,8,9,NA,Rosaceae,WD
Malva pusilla,Ô²Ò¶½õ¿û,6,8,NA,NA,NA,Malvaceae,CB
Mariscus radians,·øÉä×©×ÓÃç,7,10,7,10,NA,Cyperaceae,CB
Mazus pumilus,Í¨Èª²İ,4,10,4,10,NA,Scrophulariaceae,CB
Mazus stachydifolius,µ¯µ¶×Ó²Ë,4,6,7,9,NA,Scrophulariaceae,CB
Medicago lupulina,ÌìÀ¶ÜÙŞ£,4,9,6,10,NA,Fabaceae,CB
Medicago ruthenica,»¨ÜÙŞ£,6,9,8,10,NA,Fabaceae,CB
Melampyrum roseum,É½ÂŞ»¨,6,11,NA,NA,NA,Scrophulariaceae,CB
Melica onoei,¹ãĞò³ô²İ,7,10,7,10,Melica,Poaceae,CB
Melica radula,Ï¸Ò¶³ô²İ,5,8,5,8,Melica,Poaceae,CB
Melica scabrosa,³ô²İ,5,8,5,8,Melica,Poaceae,CB
Melilotus dentatus,Ï¸³İ²İÄ¾éØ,7,9,NA,NA,Melilotus,Fabaceae,CB
Melilotus indicus,Ó¡¶È²İÄ¾Ï¬,3,5,5,6,NA,Fabaceae,CB
Meliosma myriantha,¶à»¨Åİ»¨Ê÷,6,8,5,9,NA,Sabiaceae,WD
Meliosma oldhamii,ºì²ñÖ¦,5,6,8,9,Meliosma,Sabiaceae,WD
Menispermum dauricum,òùòğ¸ğ,6,7,8,9,NA,Menispermaceae,CB
Mentha canadensis,±¡ºÉ,7,9,10,10,NA,Lamiaceae,CB
Mentha sachalinensis,¶«±±±¡ºÉ,7,8,9,9,NA,Lamiaceae,CB
Merremia sibirica,±±Óã»Æ²İ,NA,NA,NA,NA,NA,Convolvulaceae,CB
Metaplexis japonica,ÂÜË,7,8,9,12,Metaplexis,Asclepiadaceae,CB
Microstegium vimineum,ÈáÖ¦İ¬Öñ,8,11,8,11,Microstegium,Poaceae,CB
Mimulus tenellus,¹µËá½¬,6,9,6,9,Mimulus,Scrophulariaceae,CB
Miscanthus sacchariflorus,İ¶,8,10,8,10,Miscanthus,Poaceae,CB
Miscanthus sinensis,Ã¢,7,12,7,12,Miscanthus,Poaceae,CB
Mitrasacme indica,¼âÃ±»¨,2,6,5,8,Mitrasacme,Loganiaceae,CB
Mitrasacme pygmaea,Ë®Ìï°×,6,7,8,9,Mitrasacme,Loganiaceae,CB
Mollugo stricta,ËÚÃ×²İ,6,8,8,10,Mollugo,Molluginaceae,CB
Mollugo verticillata,ÖÖÀâËÚÃ×²İ,9,´ÎÄê2,9,´ÎÄê2,NA,Molluginaceae,CB
Monochoria korsakowii,Óê¾Ã»¨,7,8,9,10,NA,Pontederiaceae,CB
Monochoria vaginalis,Ñ¼Éà²İ,8,9,9,10,NA,Pontederiaceae,CB
Morus alba,É£,4,5,5,8,Morus,Moraceae,WD
Morus australis,¼¦É£,3,4,4,5,NA,Moraceae,WD
Morus cathayana,»ªÉ£,4,5,5,6,NA,Moraceae,WD
Morus mongolica,ÃÉÉ£,3,4,4,5,NA,Moraceae,WD
Mosla chinensis,Ê¯ÏãŞ¸,6,9,7,11,Mosla,Lamiaceae,CB
Mosla dianthera,Ğ¡ÓãÏÉ²İ,5,11,5,11,Mosla,Lamiaceae,CB
Mosla scabra,Ê¯ÜùÜÑ,5,11,9,11,Mosla,Lamiaceae,CB
Muhlenbergia huegelii,ÂÒ×Ó²İ,7,10,7,10,NA,Poaceae,CB
Muhlenbergia japonica,ÈÕ±¾ÂÒ×Ó²İ,7,11,7,11,Muhlenbergia,Poaceae,CB
Muhlenbergia ramosa,¶àÖ¦ÂÒ×Ó²İ,7,10,7,10,Muhlenbergia,Poaceae,CB
Mulgedium tataricum,ÈéÜÄ,6,9,6,9,Mulgedium,Asteraceae,CB
Murdannia nudiflora,Âã»¨Ë®ÖñÒ¶,8,9,8,9,NA,Commelinaceae,CB
Myriophyllum spicatum,Ëë×´¹ÂÎ²Ôå,4,9,4,9,NA,Haloragaceae,CB
Myriophyllum verticillatum,ºüÎ²Ôå,4,9,4,9,NA,Haloragaceae,CB
Najas marina,´ó´ÄÔå,9,11,9,11,NA,Najadaceae,CB
Najas minor,Ğ¡´ÄÔå,6,10,6,10,NA,Najadaceae,CB
Nandina domestica,ÄÏÌìÖñ,3,6,5,11,NA,Berberidaceae,WD
Nelumbo nucifera,Á«,6,8,8,10,NA,Nelumbonaceae,CB
Nepeta cataria,¾£½æ,7,9,9,10,NA,Lamiaceae,CB
Nepeta tenuifolia,ÁÑÒ¶¾£½æ,7,9,8,10,NA,Lamiaceae,CB
Nitraria sibirica,Ğ¡¹û°×´Ì,5,6,7,8,Nitraria,Zygophyllaceae,WD
Nymphaea tetragona,Ë¯Á«,6,8,8,10,NA,Nymphaeaceae,CB
Nymphoides indica,½ğÒøÁ«»¨,8,10,8,10,NA,Menyanthaceae,CB
Nymphoides peltatum,Üô²Ë,4,10,4,10,NA,Menyanthaceae,CB
Oenanthe javanica,Ë®ÇÛ,6,7,8,9,Oenanthe,Apiaceae,CB
Olgaea tangutica,´Ì¸í´ñ,6,9,6,9,Olgaea,Asteraceae,CB
Ophiopogon japonicus,Âó¶¬,5,8,8,9,NA,Liliaceae,CB
Oplismenus undulatifolius,ÇóÃ×²İ,7,11,7,11,Oplismenus,Poaceae,CB
Oplismenus undulatifolius var. japonicus,ÈÕ±¾ÇóÃ×²İ,8,11,8,11,NA,Poaceae,CB
Orobanche mongolica,ÖĞ»ªÁĞµ±,4,6,6,8,Orobanche,Orobanchaceae,CB
Orostachys cartilaginea,ÀÇ×¦ÍßËÉ,9,10,NA,NA,NA,Crassulaceae,CB
Orostachys fimbriata,ÍßËÉ,8,9,9,10,NA,Crassulaceae,CB
Orostachys japonica,ÍíºìÍßËÉ,9,10,NA,NA,NA,Crassulaceae,CB
Orostachys spinosa,»Æ»¨ÍßËÉ,7,8,9,9,Orostachys,Crassulaceae,CB
Orychophragmus violaceus,Öî¸ğ²Ë,4,5,5,6,NA,Brassicaceae,CB
Oryza sativa,µ¾,NA,NA,NA,NA,NA,Poaceae,CB
Osmanthus fragrans,Ä¾Ï¬,9,10,´ÎÄê3,´ÎÄê3,NA,Oleaceae,WD
Ostericum sieboldii,É½ÇÛ,8,9,9,10,NA,Apiaceae,CB
Oxalis corniculata,õ¡½¬²İ,2,9,2,9,NA,Oxalidaceae,CB
Oxalis griffithii,É½õ¡½¬²İ,3,9,5,10,NA,Oxalidaceae,CB
Oxytropis bicolor,¶şÉ«¼¬¶¹,4,7,6,8,Oxytropis,Fabaceae,CB
Oxytropis hirta,Ó²Ã«¼¬¶¹,5,9,7,9,Oxytropis,Fabaceae,CB
Oyama sieboldii,ÌìÅ®»¨,NA,NA,NA,NA,NA,Magnoliaceae,WD
Padus avium,³íÀî,4,6,5,10,Padus,Rosaceae,WD
Padus avium var. pubescens,Ã«Ò¶³íÀî,4,6,6,10,NA,Rosaceae,WD
Paederia scandens,¼¦Ê¸ÌÙ,5,10,7,12,NA,Rubiaceae,WD
Paederia scandens var. tomentosa,Ã«¼¦Ê¸ÌÙ,NA,NA,NA,NA,NA,Rubiaceae,WD
Paeonia lactiflora,ÉÖÒ©,5,6,8,8,NA,Paeoniaceae,CB
Panicum miliaceum,ğ¢,7,10,7,10,NA,Poaceae,CB
Panicum sumatrense,Ï¸±úÊò,7,10,7,10,Panicum,Poaceae,CB
Paraixeris denticulata,»Æ¹Ï²Ë,5,11,5,11,Paraixeris,Asteraceae,CB
Paraixeris pinnatipartita,ÓğÁÑ»Æ¹Ï²Ë,6,11,6,11,Paraixeris,Asteraceae,CB
Paraixeris serotina,¼âÁÑ»Æ¹Ï²Ë,5,9,5,9,Paraixeris,Asteraceae,CB
Parasenecio hastatus,É½¼â×Ó,7,8,9,9,Parasenecio,Asteraceae,CB
Parietaria micrantha,Ç½²İ,6,7,8,10,NA,Urticaceae,CB
Parthenocissus tricuspidata,µØ½õ,5,8,9,10,Parthenocissus,Vitaceae,WD
Paspalum scrobiculatum var. orbiculare,Ô²¹ûÈ¸°Ş,6,11,6,11,NA,Poaceae,CB
Paspalum thunbergii,È¸°Ş,5,10,5,10,Paspalum,Poaceae,CB
Patrinia heterophylla,ÒìÒ¶°Ü½´,7,9,8,10,Patrinia,Valerianaceae,CB
Patrinia monandra,ÉÙÈï°Ü½´,8,9,9,10,NA,Valerianaceae,CB
Patrinia rupestris,ÑÒ°Ü½´,7,9,8,10,NA,Valerianaceae,CB
Patrinia scabiosifolia,°Ü½´,7,9,9,10,NA,Valerianaceae,CB
Patrinia scabra,²ÚÒ¶°Ü½´,7,8,8,9,NA,Valerianaceae,CB
Patrinia villosa,°×»¨°Ü½´,8,10,9,11,Patrinia,Valerianaceae,CB
Paulownia catalpifolia,é±Ò¶ÅİÍ©,4,4,7,8,NA,Scrophulariaceae,WD
Paulownia elongata,À¼¿¼ÅİÍ©,4,5,9,11,NA,Scrophulariaceae,WD
Paulownia fortunei,°×»¨ÅİÍ©,3,4,7,8,NA,Scrophulariaceae,WD
Paulownia tomentosa,Ã«ÅİÍ©,4,5,8,9,NA,Scrophulariaceae,WD
Paulownia tomentosa var. tsinlingensis,¹âÅİÍ©,NA,NA,NA,NA,NA,Scrophulariaceae,WD
Pedicularis resupinata,·µ¹ËÂíÏÈİï,6,8,7,9,Pedicularis,Scrophulariaceae,CB
Pennisetum alopecuroides,ÀÇÎ²²İ,6,11,6,11,NA,Poaceae,CB
Pennisetum flaccidum,°×²İ,7,10,7,10,NA,Poaceae,CB
Pennisetum glaucum,Óù¹È,9,10,9,10,NA,Poaceae,CB
Penthorum chinense,³¶¸ù²Ë,7,10,7,10,Penthorum,Saxifragaceae,CB
Periploca sepium,¸ÜÁø,5,6,7,9,NA,Asclepiadaceae,WD
Petasites japonicus,·ä¶·²Ë,4,5,6,6,Petasites,Asteraceae,CB
Peucedanum japonicum,±õº£Ç°ºú,6,7,8,9,Peucedanum,Apiaceae,CB
Peucedanum terebinthaceum,Ê¯·À·ç,7,9,9,10,Peucedanum,Apiaceae,CB
Peucedanum wawrae,Ì©É½Ç°ºú,8,10,9,11,Peucedanum,Apiaceae,CB
Phalaris arundinacea,Ìˆ²İ,6,8,6,8,NA,Poaceae,CB
Phedimus aizoon,»Æ²Ë,6,7,8,9,NA,Crassulaceae,CB
Phedimus aizoon var. yamatutae,ÏÁÒ¶·Ñ²Ë,6,7,8,8,NA,Crassulaceae,CB
Phedimus floriferus,¶à»¨·Ñ²Ë,6,7,NA,NA,NA,Crassulaceae,CB
Phedimus kamtschaticus,¿°²ì¼Ó·Ñ²Ë,6,7,8,9,NA,Crassulaceae,CB
Phellodendron amurense,»ÆéŞ,5,6,9,10,NA,Rutaceae,WD
Philadelphus brachybotrys,¶ÌĞòÉ½Ã·»¨,4,7,8,9,Philadelphus,Saxifragaceae,WD
Phleum paniculatum,¹íÀ¯Öò,4,8,4,8,Phleum,Poaceae,CB
Phlomis jeholensis,¿ÚÍâ²ÚËÕ,8,9,NA,NA,Phlomis,Lamiaceae,CB
Phlomis umbrosa,²ÚËÕ,6,9,9,9,Phlomis,Lamiaceae,CB
Photinia villosa,Ã«Ò¶Ê¯éª,4,4,8,9,Photinia,Rosaceae,WD
Photinia villosa var. sinica,Â®É½Ê¯éª,NA,NA,NA,NA,NA,Rosaceae,WD
Phryma leptostachya subsp. asiatica,Í¸¹Ç²İ,6,10,8,12,NA,Phrymaceae,CB
Phtheirospermum japonicum,ËÉİï,6,10,6,10,NA,Scrophulariaceae,CB
Phyllanthus ussuriensis,ÃÛ¸Ê²İ,4,7,7,10,Phyllanthus,Euphorbiaceae,CB
Phyllanthus virgatus,»ÆÖé×Ó²İ,4,5,6,11,Phyllanthus,Euphorbiaceae,CB
Phyllospadix japonica,ºÚÏËÎ¬Ïºº£Ôå,3,5,6,8,NA,Potamogetonaceae,CB
Phyllostachys angusta,»Æ¹ÅÖñ,NA,NA,NA,NA,NA,Poaceae,WD
Phyllostachys aureosulcata,»Æ²ÛÖñ,5,6,NA,NA,NA,Poaceae,WD
Phyllostachys flexuosa,Çú¸ÑÖñ,4,5,NA,NA,NA,Poaceae,WD
Phyllostachys glauca,µ­Öñ,6,6,NA,NA,NA,Poaceae,WD
Phyllostachys nigra var. henonis,Ã«½ğÖñ,NA,NA,NA,NA,NA,Poaceae,WD
Phyllostachys propinqua,ÔçÔ°Öñ,NA,NA,NA,NA,NA,Poaceae,WD
Phyllostachys sulphurea,½ğÖñ,NA,NA,NA,NA,NA,Poaceae,WD
Phyllostachys sulphurea var. viridis,¸ÕÖñ,NA,NA,NA,NA,NA,Poaceae,WD
Phyllostachys vivax,ÎÚ²¸¼¦Öñ,4,5,NA,NA,NA,Poaceae,WD
Physaliastrum echinatum,ÈÕ±¾É¢Ñªµ¤,6,8,7,9,NA,Solanaceae,CB
Physaliastrum sinicum,»ª±±É¢Ñªµ¤,5,6,7,8,NA,Solanaceae,CB
Physalis alkekengi var. francheti,¹Ò½ğµÆ,NA,NA,NA,NA,NA,Solanaceae,CB
Phytolacca japonica,ÈÕ±¾ÉÌÂ½,6,8,6,8,Phytolacca,Phytolaccaceae,CB
Picrasma quassioides,¿àÊ÷,4,5,6,9,Picrasma,Simaroubaceae,WD
Picris hieracioides,Ã«Á¬²Ë,6,10,6,10,NA,Asteraceae,CB
Picris japonica,ÈÕ±¾Ã«Á¬²Ë,6,10,6,10,Picris,Asteraceae,CB
Pilea pumila,Í¸¾¥ÀäË®»¨,6,8,8,10,Pilea,Urticaceae,CB
Pimpinella thellungiana,Ñòºìëş,6,9,6,9,Pimpinella,Apiaceae,CB
Pinellia pedatisecta,»¢ÕÆ,5,6,7,9,NA,Araceae,CB
Pinellia ternata,°ëÏÄ,5,7,7,9,NA,Araceae,CB
Pistacia chinensis,»ÆÁ¬Ä¾,3,5,8,11,NA,Anacardiaceae,WD
Plantago asiatica,³µÇ°,4,8,6,9,Plantago,Plantaginaceae,CB
Plantago camtschatica,º£±õ³µÇ°,5,7,6,8,Plantago,Plantaginaceae,CB
Plantago depressa,Æ½³µÇ°,5,7,7,9,Plantago,Plantaginaceae,CB
Plantago major,´ó³µÇ°,6,8,7,9,NA,Plantaginaceae,CB
Platanthera chlorantha,¶şÒ¶Éà´½À¼,6,8,7,9,NA,Orchidaceae,CB
Platanthera hologlottis,ÃÜ»¨Éà´½À¼,6,7,NA,NA,Platanthera,Orchidaceae,CB
Platanthera mandarinorum,Î²°êÉà´½À¼,4,8,NA,NA,Platanthera,Orchidaceae,CB
Platanthera metabifolia,Ï¸¾àÉà´½À¼,7,8,NA,NA,NA,Orchidaceae,CB
Platycarya strobilacea,»¯ÏãÊ÷,5,6,7,8,Platycarya,Juglandaceae,WD
Platycodon grandiflorus,½Û¹£,7,9,8,10,NA,Campanulaceae,CB
Poa acroleuca,°×¶¥ÔçÊìºÌ,5,6,5,6,Poa,Poaceae,CB
Poa annua,ÔçÊìºÌ,4,5,4,7,NA,Poaceae,CB
Poa faberi,·¨ÊÏÔçÊìºÌ,5,8,NA,NA,Poa,Poaceae,CB
Poa pratensis,²İµØÔçÊìºÌ,5,6,7,9,Poa,Poaceae,CB
Poa pratensis subsp. angustifolia,Ï¸Ò¶ÔçÊìºÌ,6,7,7,9,NA,Poaceae,CB
Poa sphondylodes,Ó²ÖÊÔçÊìºÌ,6,8,6,8,NA,Poaceae,CB
Poa versicolor subsp. orinosa,É½µØÔçÊìºÌ,7,8,NA,NA,NA,Poaceae,CB
Pogonia japonica,ÖìÀ¼,5,7,9,10,Pogonia,Orchidaceae,CB
Polygala japonica,¹Ï×Ó½ğ,4,5,5,8,Polygala,Polygalaceae,CB
Polygala sibirica,Î÷²®ÀûÑÇÔ¶Ö¾,4,7,5,8,NA,Polygalaceae,CB
Polygala tatarinowii,Ğ¡±â¶¹,8,9,9,11,Polygala,Polygalaceae,CB
Polygala tenuifolia,Ô¶Ö¾,5,9,5,9,Polygala,Polygalaceae,CB
Polygonatum involucratum,¶ş°ú»Æ¾«,5,6,8,9,Polygonatum,Liliaceae,CB
Polygonatum macropodum,ÈÈºÓ»Æ¾«,5,6,9,9,NA,Liliaceae,CB
Polygonatum odoratum,ÓñÖñ,5,6,7,9,NA,Liliaceae,CB
Polygonatum odoratum var. pluriflorum,Î®Üğ,NA,NA,NA,NA,NA,Liliaceae,CB
Polygonatum sibiricum,»Æ¾«,5,6,8,9,NA,Liliaceae,CB
Polygonum alpinum,¸ßÉ½Ş¤,6,7,7,8,NA,Polygonaceae,CB
Polygonum amphibium,Á½ÆÜŞ¤,7,8,8,9,NA,Polygonaceae,CB
Polygonum aviculare,ÈqĞî,5,7,6,8,Polygonum,Polygonaceae,CB
Polygonum bistorta,È­²Î,6,7,8,9,NA,Polygonaceae,CB
Polygonum dissitiflorum,Ï¡»¨Ş¤,6,8,7,9,Polygonum,Polygonaceae,CB
Polygonum divaricatum,²æ·ÖŞ¤,7,8,8,9,Polygonum,Polygonaceae,CB
Polygonum ellipticum,ÍÖÔ²Ò¶Ş¤,7,8,8,9,Polygonum,Polygonaceae,CB
Polygonum hydropiper,Ë®Ş¤,5,9,6,10,NA,Polygonaceae,CB
Polygonum lapathifolium,ËáÄ£Ò¶Ş¤,6,8,7,9,Polygonum,Polygonaceae,CB
Polygonum longisetum,³¤××Ş¤,6,8,7,9,NA,Polygonaceae,CB
Polygonum longisetum var. rotundatum,Ô²»ù³¤××Ş¤,NA,NA,NA,NA,NA,Polygonaceae,CB
Polygonum nepalense,Äá²´¶ûŞ¤,5,8,7,10,NA,Polygonaceae,CB
Polygonum perfoliatum,¸Ü°å¹é,6,8,7,10,NA,Polygonaceae,CB
Polygonum persicaria,´ºŞ¤,6,9,7,10,NA,Polygonaceae,CB
Polygonum plebeium,Ï°¼ûŞ¤,5,8,6,9,Polygonum,Polygonaceae,CB
Polygonum posumbu,´ÔÖ¦Ş¤,6,9,7,10,Polygonum,Polygonaceae,CB
Polygonum pubescens,·üÃ«Ş¤,8,9,8,10,Polygonum,Polygonaceae,CB
Polygonum sagittatum,¼ıÍ·Ş¤,6,9,8,10,NA,Polygonaceae,CB
Polygonum senticosum,´ÌŞ¤,6,7,7,9,Polygonum,Polygonaceae,CB
Polygonum sibiricum,Î÷²®ÀûÑÇŞ¤,6,9,6,9,Polygonum,Polygonaceae,CB
Polygonum sieboldii,¼ıÒ¶Ş¤,6,9,8,10,NA,Polygonaceae,CB
Polygonum suffultum,Ö§ÖùŞ¤,6,7,7,10,Polygonum,Polygonaceae,CB
Polygonum thunbergii,êªÒ¶Ş¤,7,9,8,10,Polygonum,Polygonaceae,CB
Polygonum viscoferum,Õ³Ş¤,7,9,8,10,Polygonum,Polygonaceae,CB
Polygonum viviparum,ÖéÑ¿Ş¤,5,7,7,9,Polygonum,Polygonaceae,CB
Polypogon monspeliensis,³¤Ã¢°ôÍ·²İ,5,10,5,10,Polypogon,Poaceae,CB
Poncirus trifoliata,è×,5,6,10,11,NA,Rutaceae,WD
Populus ¡Á canadensis,¼ÓÑî,4,4,5,6,NA,Salicaceae,WD
Populus cathayana,ÇàÑî,3,5,5,7,NA,Salicaceae,WD
Populus davidiana,É½Ñî,3,4,4,5,Populus,Salicaceae,WD
Populus simonii,Ğ¡Ò¶Ñî,3,5,4,6,NA,Salicaceae,WD
Populus tomentosa,Ã«°×Ñî,3,3,5,5,NA,Salicaceae,WD
Populus tomentosa f. fastigiata,±§Í·Ã«°×Ñî,NA,NA,NA,NA,NA,Salicaceae,WD
Populus tomentosa var. pyramidalis,ËşĞÎÃ«°×Ñî,NA,NA,NA,NA,NA,Salicaceae,WD
Populus wulianensis,ÎåÁ«Ñî,4,4,5,5,NA,Salicaceae,WD
Portulaca oleracea,Âí³İÜÈ,5,8,6,9,Portulaca,Portulacaceae,CB
Potamogeton crispus,İÏ²İ,4,7,4,7,NA,Potamogetonaceae,CB
Potamogeton cristatus,¼¦¹ÚÑÛ×Ó²Ë,5,9,5,9,NA,Potamogetonaceae,CB
Potamogeton distinctus,ÑÛ×Ó²Ë,5,10,5,10,NA,Potamogetonaceae,CB
Potamogeton lucens,¹âÒ¶ÑÛ×Ó²Ë,6,10,6,10,NA,Potamogetonaceae,CB
Potamogeton maackianus,Î¢³İÑÛ×Ó²Ë,6,9,6,9,NA,Potamogetonaceae,CB
Potamogeton natans,¸¡Ò¶ÑÛ×Ó²Ë,7,10,7,10,NA,Potamogetonaceae,CB
Potamogeton nodosus,Ğ¡½ÚÑÛ×Ó²Ë,7,9,7,9,NA,Potamogetonaceae,CB
Potamogeton pectinatus,ó÷³İÑÛ×Ó²Ë,5,10,5,10,NA,Potamogetonaceae,CB
Potamogeton pusillus,Ğ¡ÑÛ×Ó²Ë,5,10,5,10,NA,Potamogetonaceae,CB
Potentilla chinensis,Î¯Áê²Ë,4,10,4,10,Potentilla,Rosaceae,CB
Potentilla chinensis var. lineariloba,Ï¸ÁÑÎ¯Áê²Ë,NA,NA,NA,NA,NA,Rosaceae,CB
Potentilla discolor,·­°×²İ,5,9,5,9,Potentilla,Rosaceae,CB
Potentilla fragarioides,İ®Ò¶Î¯Áê²Ë,4,6,6,8,Potentilla,Rosaceae,CB
Potentilla freyniana,ÈıÒ¶Î¯Áê²Ë,3,6,3,6,Potentilla,Rosaceae,CB
Potentilla kleiniana,Éßº¬Î¯Áê²Ë,4,9,4,9,Potentilla,Rosaceae,CB
Potentilla longifolia,ÏÙÃ«Î¯Áê²Ë,7,9,7,9,Potentilla,Rosaceae,CB
Potentilla reptans,ÙéÙëÎ¯Áê²Ë,6,8,6,8,Potentilla,Rosaceae,CB
Potentilla reptans var. sericophylla,¾îÃ«ÙéÙëÎ¯Áê²Ë,4,9,4,9,NA,Rosaceae,CB
Potentilla supina,³¯ÌìÎ¯Áê²Ë,3,10,3,10,Potentilla,Rosaceae,CB
Potentilla supina var. ternata,ÈıÒ¶³¯ÌìÎ¯Áê²Ë,NA,NA,NA,NA,NA,Rosaceae,CB
Potentilla tanacetifolia,¾ÕÒ¶Î¯Áê²Ë,5,10,5,10,Potentilla,Rosaceae,CB
Prenanthes tatarinowii,¸£Íõ²İ,8,10,8,10,NA,Asteraceae,CB
Primula loeseneri,ÉöÒ¶±¨´º,5,6,NA,NA,Primula,Primulaceae,CB
Primula sieboldii,Ó£²İ,5,5,6,6,Primula,Primulaceae,CB
Prunella asiatica,É½²¤²Ë,5,7,8,9,NA,Lamiaceae,CB
Prunus simonii,ĞÓÀî,5,5,6,7,NA,Rosaceae,WD
Pseudolysimachion linariifolium,Ï¸Ò¶Ëë»¨,6,10,NA,NA,NA,Scrophulariaceae,CB
Pseudolysimachion linariifolium subsp. dilatatum,Ë®Âûİ¼,7,10,NA,NA,NA,Scrophulariaceae,CB
Pseudostellaria davidii,Âûº¢¶ù²Î,5,7,7,8,NA,Caryophyllaceae,CB
Pseudostellaria heterophylla,º¢¶ù²Î,4,7,7,8,NA,Caryophyllaceae,CB
Pterocarya rhoifolia,Ë®ºúÌÒ,5,5,6,7,NA,Juglandaceae,WD
Pteroceltis tatarinowii,ÇàÌ´,3,5,8,10,Pteroceltis,Ulmaceae,WD
Pterocypsela indica,³á¹û¾Õ,4,11,4,11,Pterocypsela,Asteraceae,CB
Pterocypsela laciniata,¶àÁÑ³á¹û¾Õ,7,10,7,10,Pterocypsela,Asteraceae,CB
Puccinellia distans,¼îÃ©,5,7,NA,NA,Puccinellia,Poaceae,CB
Puccinellia hauptiana,º×¸¦¼îÃ©,6,7,6,7,Puccinellia,Poaceae,CB
Puccinellia micrandra,Î¢Ò©¼îÃ©,6,8,6,8,Puccinellia,Poaceae,CB
Puccinellia tenuiflora,ĞÇĞÇ²İ,6,8,6,8,Puccinellia,Poaceae,CB
Pueraria montana var. lobata,¸ğ,7,9,10,12,NA,Fabaceae,CB
Pulsatilla chinensis,°×Í·ÎÌ,3,5,6,7,NA,Ranunculaceae,CB
Pulsatilla chinensis f. alba,°×»¨°×Í·ÎÌ,NA,NA,NA,NA,NA,Ranunculaceae,CB
Pycreus flavidus,ÇòËë±âÉ¯,6,11,6,11,Pycreus,Cyperaceae,CB
Pycreus flavidus var. nilagiricus,Ğ¡ÇòËë±âÉ¯,7,9,7,9,NA,Cyperaceae,CB
Pycreus flavidus var. strictus,Ö±ÇòËë±âÉ¯,6,8,6,8,NA,Cyperaceae,CB
Pyrola calliantha,Â¹Ìã²İ,6,8,8,9,Pyrola,Ericaceae,WD
Pyrus betulifolia,¶ÅÀæ,4,4,8,9,NA,Rosaceae,WD
Pyrus bretschneideri,°×Àæ,4,4,8,9,NA,Rosaceae,WD
Pyrus calleryana,¶¹Àæ,4,4,8,9,NA,Rosaceae,WD
Pyrus hopeiensis,ºÓ±±Àæ,4,4,8,9,NA,Rosaceae,WD
Pyrus phaeocarpa,ºÖÀæ,4,4,8,9,NA,Rosaceae,WD
Pyrus pyrifolia,É³Àæ,4,4,8,8,NA,Rosaceae,WD
Pyrus ussuriensis,Çï×ÓÀæ,5,5,8,10,NA,Rosaceae,WD
Quercus aliena,éÎèİ,4,5,9,10,NA,Fagaceae,WD
Quercus aliena var. acutiserrata,Èñ³İéÎèİ,3,4,10,11,NA,Fagaceae,WD
Quercus aliena var. pekingensis,±±¾©éÎèİ,NA,NA,NA,NA,NA,Fagaceae,WD
Quercus chenii,Ğ¡Ò¶èİ,3,4,´ÎÄê9,´ÎÄê10,NA,Fagaceae,WD
Quercus dentata,éÎÊ÷,4,5,9,10,Quercus,Fagaceae,WD
Quercus fabri,°×èİ,4,4,10,10,NA,Fagaceae,WD
Quercus fangshanensis,·¿É½èİ,NA,NA,NA,NA,NA,Fagaceae,WD
Quercus hopeiensis,ºÓ±±èİ,NA,NA,NA,NA,NA,Fagaceae,WD
Quercus mongolica,ÃÉ¹Åèİ,4,5,9,9,Quercus,Fagaceae,WD
Quercus serrata,–¢èİ,3,4,9,10,NA,Fagaceae,WD
Quercus variabilis,Ë¨Æ¤èİ,3,4,9,10,Quercus,Fagaceae,WD
Ranunculus chinensis,ÜîÜîËâ,5,9,5,9,Ranunculus,Ranunculaceae,CB
Ranunculus japonicus var. propinquus,·üÃ«Ã«İ¢,5,9,NA,NA,NA,Ranunculaceae,CB
Ranunculus sceleratus,Ê¯ÁúÜÇ,5,8,5,8,Ranunculus,Ranunculaceae,CB
Rehmannia glutinosa,µØ»Æ,4,7,4,7,NA,Scrophulariaceae,CB
Reineckea carnea,¼ªÏé²İ,7,11,7,11,NA,Liliaceae,CB
Rhamnella franguloides,Ã¨Èé,5,7,7,10,Rhamnella,Rhamnaceae,WD
Rhamnus arguta,Èñ³İÊóÀî,5,6,6,9,Rhamnus,Rhamnaceae,WD
Rhamnus bungeana,ÂÑÒ¶ÊóÀî,4,5,6,9,Rhamnus,Rhamnaceae,WD
Rhamnus leptophylla,±¡Ò¶ÊóÀî,3,5,5,10,Rhamnus,Rhamnaceae,WD
Rhamnus parvifolia,Ğ¡Ò¶ÊóÀî,4,5,6,9,NA,Rhamnaceae,WD
Rhamnus schneideri var. manshurica,¶«±±ÊóÀî,NA,NA,NA,NA,NA,Rhamnaceae,WD
Rhamnus ussuriensis,ÎÚËÕÀïÊóÀî,4,6,6,10,NA,Rhamnaceae,WD
Rhamnus utilis,¶³ÂÌ,4,6,5,8,Rhamnus,Rhamnaceae,WD
Rhamnus utilis var. hypochrysa,Ã«¶³ÂÌ,NA,NA,NA,NA,NA,Rhamnaceae,WD
Rhododendron micranthum,ÕÕÉ½°×,5,6,8,11,NA,Ericaceae,WD
Rhododendron mucronulatum,Ó­ºì¶Å¾é,4,6,5,7,NA,Ericaceae,WD
Rhododendron simsii,¶Å¾é,4,5,6,8,Rhododendron,Ericaceae,WD
Rhodotypos scandens,¼¦Âé,4,5,6,9,NA,Rosaceae,WD
Rhus chinensis,ÑÎ·ôÄ¾,8,9,10,10,NA,Anacardiaceae,WD
Rhus chinensis var. glabra,¹âÖ¦ÑÎ·ôÄ¾,NA,NA,NA,NA,NA,Anacardiaceae,WD
Rhus taishanensis,Ì©É½ÑÎ·ôÄ¾,NA,NA,NA,NA,NA,Anacardiaceae,WD
Rhynchosia acuminatifolia,½¥¼âÒ¶Â¹Ş½,7,10,7,10,Rhynchosia,Fabaceae,CB
Rhynchospora chinensis,»ª´Ì×Óİ¸,5,10,5,10,Rhynchospora,Cyperaceae,CB
Rhynchospora faberi,Ï¸Ò¶´Ì×Óİ¸,8,10,8,10,Rhynchospora,Cyperaceae,CB
Ribes fasciculatum,´Ø»¨²èË‘×Ó,4,5,7,9,Ribes,Saxifragaceae,WD
Ribes fasciculatum var. chinense,»ªÂû²èË‘×Ó,NA,NA,NA,NA,NA,Saxifragaceae,WD
Ribes mandshuricum,¶«±±²èË‘×Ó,4,6,7,8,NA,Saxifragaceae,WD
Rohdea japonica,ÍòÄêÇà,5,6,9,10,NA,Liliaceae,CB
Rorippa dubia,ÎŞ°êÊG²Ë,4,6,6,8,Rorippa,Brassicaceae,CB
Rorippa globosa,·ç»¨²Ë,4,6,7,9,Rorippa,Brassicaceae,CB
Rorippa indica,ÊG²Ë,4,6,6,8,Rorippa,Brassicaceae,CB
Rorippa palustris,É¬ÉúÊG²Ë,3,10,3,10,NA,Brassicaceae,CB
Rosa banksiae,Ä¾Ïã»¨,4,5,8,10,NA,Rosaceae,WD
Rosa chinensis var. semperflorens,×ÏÔÂ¼¾»¨,NA,NA,NA,NA,NA,Rosaceae,WD
Rosa maximowicziana,É¡»¨Ç¾Ş±,6,7,9,9,NA,Rosaceae,WD
Rosa multiflora var. alboplena,°×ÓñÌÃ,NA,NA,NA,NA,NA,Rosaceae,WD
Rosa multiflora var. cathayensis,·ÛÍÅÇ¾Ş±,NA,NA,NA,NA,NA,Rosaceae,WD
Rosa rugosa,Ãµ¹å,5,6,8,9,NA,Rosaceae,WD
Rosa xanthina,»Æ´ÌÃµ,4,6,7,8,NA,Rosaceae,WD
Rosa xanthina f. normalis,µ¥°ê»Æ´ÌÃµ,NA,NA,NA,NA,NA,Rosaceae,WD
Rubia cordifolia,Üç²İ,8,9,9,11,Rubia,Rubiaceae,CB
Rubia truppeliana,É½¶«Üç²İ,7,8,NA,NA,NA,Rubiaceae,CB
Rubus corchorifolius,É½İ®,2,3,4,6,Rubus,Rosaceae,WD
Rubus crataegifolius,Å£µş¶Ç,5,6,7,9,NA,Rosaceae,WD
Rubus parvifolius,Ã©İ®,5,6,7,8,NA,Rosaceae,WD
Rubus phoenicolasius,¶àÏÙĞü¹³×Ó,5,6,7,8,Rubus,Rosaceae,WD
Rubus spinulosoides,´ÌÃ«°×Ò¶İ®,NA,NA,NA,NA,NA,Rosaceae,WD
Rumex amurensis,ºÚÁú½­ËáÄ£,5,6,6,7,Rumex,Polygonaceae,CB
Rumex chalepensis,Íø¹ûËáÄ£,4,5,5,6,Rumex,Polygonaceae,CB
Rumex crispus,ÖåÒ¶ËáÄ£,5,6,6,7,NA,Polygonaceae,CB
Rumex dentatus,³İ¹ûËáÄ£,5,6,6,7,Rumex,Polygonaceae,CB
Rumex longifolius,³¤Ò¶ËáÄ£,6,7,7,8,Rumex,Polygonaceae,CB
Rumex patientia,°ÍÌìËáÄ£,5,6,6,7,Rumex,Polygonaceae,CB
Sacciolepis indica,ÄÒÓ±²İ,7,11,7,11,Sacciolepis,Poaceae,CB
Sagittaria trifolia var. sinensis,´È¹Ã,NA,NA,NA,NA,NA,Alismataceae,CB
Salicornia europaea,ÑÎ½Ç²İ,6,8,6,8,Salicornia,Chenopodiaceae,CB
Salix babylonica,´¹Áø,3,4,4,5,NA,Salicaceae,WD
Salix chaenomeloides,ÏÙÁø,4,4,5,5,Salix,Salicaceae,WD
Salix integra,è½Áø,5,5,6,6,NA,Salicaceae,WD
Salix koreensis,³¯ÏÊÁø,3,3,6,6,NA,Salicaceae,WD
Salix koreensis var. shandongensis,É½¶«Áø,NA,NA,NA,NA,NA,Salicaceae,WD
Salix linearistipularis,¿ğÁø,5,5,5,5,Salix,Salicaceae,WD
Salix liouana,»ÆÁúÁø,4,4,5,5,Salix,Salicaceae,WD
Salix matsudana,ºµÁø,4,4,4,5,NA,Salicaceae,WD
Salix nipponica,ÈıÈïÁø,4,4,5,5,NA,Salicaceae,WD
Salix nipponica var. mengshanensis,ÃÉÉ½Áø,NA,NA,NA,NA,NA,Salicaceae,WD
Salix pseudopermollis,Ğ¡Ò¶É½Ã«Áø,3,3,4,5,NA,Salicaceae,WD
Salix sinica,ÖĞ¹ú»Æ»¨Áø,4,4,5,5,NA,Salicaceae,WD
Salix suchowensis,ô¤»şÁø,3,3,4,5,Salix,Salicaceae,WD
Salix taishanensis,Ì©É½Áø,5.15,5.31,NA,NA,Salix,Salicaceae,WD
Salsola abrotanoides,İïÒ¶ÖíÃ«²Ë,7,8,8,9,Salsola,Chenopodiaceae,WD
Salsola collina,ÖíÃ«²Ë,7,9,9,10,Salsola,Chenopodiaceae,CB
Salsola komarovii,ÎŞ³áÖíÃ«²Ë,7,8,8,9,Salsola,Chenopodiaceae,CB
Salvia chinensis,»ªÊóÎ²²İ,8,10,NA,NA,Salvia,Lamiaceae,CB
Salvia miltiorrhiza,µ¤²Î,4,8,9,10,NA,Lamiaceae,CB
Salvia miltiorrhiza var. charbonnelii,µ¤²Îµ¥Ò¶±äÖÖ,NA,NA,NA,NA,NA,Lamiaceae,CB
Salvia plebeia,ÀóÖ¦²İ,4,5,6,7,NA,Lamiaceae,CB
Sanguisorba applanata,¿íÒ¶µØÓÜ,7,10,7,10,NA,Rosaceae,CB
Sanguisorba officinalis,µØÓÜ,7,10,7,10,Sanguisorba,Rosaceae,CB
Sanguisorba officinalis var. carnea,·Û»¨µØÓÜ,NA,NA,NA,NA,NA,Rosaceae,CB
Sanguisorba officinalis var. longifolia,³¤Ò¶µØÓÜ,8,11,8,11,NA,Rosaceae,CB
Sanicula chinensis,±ä¶¹²Ë,4,10,4,10,Sanicula,Apiaceae,CB
Sapindus saponaria,ÎŞ»¼×Ó,6,8,6,11,NA,Sapindaceae,WD
Sapium japonicum,°×Ä¾ÎÚèê,5,6,7,9,NA,Euphorbiaceae,WD
Sapium sebiferum,ÎÚèê,4,8,NA,NA,NA,Euphorbiaceae,WD
Saposhnikovia divaricata,·À·ç,8,9,9,10,NA,Apiaceae,CB
Sassafras tzumu,éßÄ¾,3,4,5,9,NA,Lauraceae,WD
Saussurea amara,²İµØ·çÃ«¾Õ,7,10,7,10,Saussurea,Asteraceae,CB
Saussurea japonica,·çÃ«¾Õ,6,11,6,11,NA,Asteraceae,CB
Saussurea mongolica,ÃÉ¹Å·çÃ«¾Õ,7,10,7,10,Saussurea,Asteraceae,CB
Saussurea pectinata,ó÷°ú·çÃ«¾Õ,8,10,8,10,Saussurea,Asteraceae,CB
Saussurea runcinata,µ¹ÓğÒ¶·çÃ«¾Õ,7,9,7,9,Saussurea,Asteraceae,CB
Saussurea ussuriensis,ÎÚËÕÀï·çÃ«¾Õ,7,9,7,9,Saussurea,Asteraceae,CB
Saxifraga sibirica,Çò¾¥»¢¶ú²İ,5,11,5,11,Saxifraga,Saxifragaceae,CB
Schisandra chinensis,ÎåÎ¶×Ó,5,7,7,10,NA,Schisandraceae,WD
Schizachyrium brevifolium,ÁÑïû²İ,7,12,7,12,Schizachyrium,Poaceae,CB
Schoenoplectus juncoides,Ó©İş,8,11,8,11,NA,Cyperaceae,CB
Schoenoplectus lineolatus,Ï¸ÙéÙë¾¥Ë®´Ğ,7,10,7,10,NA,Cyperaceae,CB
Schoenoplectus mucronatus subsp. robustus,Ë®Ã«»¨,5,11,5,11,NA,Cyperaceae,CB
Schoenoplectus tabernaemontani,Ë®´Ğ,6,9,6,9,Schoenoplectus,Cyperaceae,CB
Schoenoplectus triqueter,ÈıÀâË®´Ğ,6,10,6,10,NA,Cyperaceae,CB
Scirpus karuizawensis,»ª¶«Ë‘²İ,8,9,8,9,NA,Cyperaceae,CB
Scirpus lushanensis,Â®É½Ë‘²İ,6,7,8,9,Scirpus,Cyperaceae,CB
Scirpus rosthornii,°ÙÇòË‘²İ,5,9,5,9,Scirpus,Cyperaceae,CB
Scleria parvula,Ğ¡ĞÍÕäÖéÃ©,7,10,7,10,NA,Cyperaceae,CB
Scorzonera albicaulis,»ª±±Ñ»´Ğ,5,9,5,9,Scorzonera,Asteraceae,CB
Scorzonera austriaca,Ñ»´Ğ,4,7,4,7,Scorzonera,Asteraceae,CB
Scorzonera mongolica,ÃÉ¹ÅÑ»´Ğ,4,8,4,8,Scorzonera,Asteraceae,CB
Scorzonera sinensis,ÌÒÒ¶Ñ»´Ğ,4,9,4,9,Scorzonera,Asteraceae,CB
Scrophularia buergeriana,±±Ğş²Î,7,7,8,9,NA,Scrophulariaceae,CB
Scrophularia ningpoensis,Ğş²Î,6,10,9,11,NA,Scrophulariaceae,CB
Scutellaria baicalensis,»ÆÜË,7,8,8,9,NA,Lamiaceae,CB
Scutellaria barbata,°ëÖ¦Á«,4,7,4,7,NA,Lamiaceae,CB
Scutellaria dependens,ÏËÈõ»ÆÜË,6,9,6,9,NA,Lamiaceae,CB
Scutellaria indica,º«ĞÅ²İ,2,6,2,6,NA,Lamiaceae,CB
Scutellaria megaphylla,´óÒ¶»ÆÜË,NA,NA,NA,NA,NA,Lamiaceae,CB
Scutellaria pekinensis,¾©»ÆÜË,6,8,7,10,NA,Lamiaceae,CB
Scutellaria pekinensis var. purpureicaulis,¾©»ÆÜË×Ï¾¥±äÖÖ,NA,NA,NA,NA,NA,Lamiaceae,CB
Scutellaria scordifolia,²¢Í·»ÆÜË,6,8,8,9,NA,Lamiaceae,CB
Scutellaria scordifolia var. wulingshanensis,²¢Í·»ÆÜËÎíÁéÉ½±äÖÖ,NA,NA,NA,NA,NA,Lamiaceae,CB
Scutellaria strigillosa,É³Ì²»ÆÜË,5,10,5,10,NA,Lamiaceae,CB
Sedum japonicum,ÈÕ±¾¾°Ìì,5,6,7,8,Sedum,Crassulaceae,CB
Sedum polytrichoides,Şº×´¾°Ìì,7,8,8,9,Sedum,Crassulaceae,CB
Sedum sarmentosum,´¹Åè²İ,5,7,8,8,NA,Crassulaceae,CB
Sedum stellariifolium,»ğÑæ²İ,7,8,8,9,NA,Crassulaceae,CB
Senecio ambraceus,çúçêÇ§Àï¹â,8,9,NA,NA,Senecio,Asteraceae,CB
Senecio argunensis,¶îÈ÷Ç§Àï¹â,8,10,NA,NA,Senecio,Asteraceae,CB
Senecio nemorensis,ÁÖÒñÇ§Àï¹â,6,12,NA,NA,Senecio,Asteraceae,CB
Senna nomame,¶¹²è¾öÃ÷,NA,NA,NA,NA,NA,Fabaceae,CB
Serratula centauroides,Âé»¨Í·,6,9,6,9,NA,Asteraceae,CB
Serratula coronata,Î±Äàºú²Ë,8,10,8,10,Serratula,Asteraceae,CB
Serratula polycephala,¶à»¨Âé»¨Í·,7,9,7,9,Serratula,Asteraceae,CB
Sesamum indicum,Ö¥Âé,8,9,NA,NA,NA,Pedaliaceae,CB
Setaria faberi,´ó¹·Î²²İ,7,10,7,10,NA,Poaceae,CB
Setaria viridis,¹·Î²²İ,5,10,5,10,Setaria,Poaceae,CB
Siegesbeckia orientalis,Øgİ²,4,9,6,11,Siegesbeckia,Asteraceae,CB
Siegesbeckia pubescens,ÏÙ¹£Øgİ²,5,8,6,10,Siegesbeckia,Asteraceae,CB
Silene aprica,Å®Â¦²Ë,5,7,6,8,Silene,Caryophyllaceae,CB
Silene baccifera,¹·ÅÌÂû,6,8,7,10,Silene,Caryophyllaceae,CB
Silene conoidea,ÂóÆ¿²İ,5,6,6,7,Silene,Caryophyllaceae,CB
Silene firma,ÊèÃ«Å®Â¦²Ë,6,7,7,8,Silene,Caryophyllaceae,CB
Silene fortunei,º×²İ,6,8,7,9,NA,Caryophyllaceae,CB
Silene jenisseensis,É½ÂìòÆ²İ,7,8,8,9,Silene,Caryophyllaceae,CB
Siphonostegia chinensis,ÒõĞĞ²İ,6,8,NA,NA,NA,Scrophulariaceae,CB
Sisymbrium luteum,È«Ò¶´óËâ½æ,7,9,NA,NA,Sisymbrium,Brassicaceae,CB
Sium suave,ÔóÇÛ,8,9,9,10,Sium,Apiaceae,CB
Smilax china,İÃİÖ,2,5,9,11,NA,Liliaceae,WD
Smilax nipponica,°×±³Å£Î²²Ë,4,5,8,9,Smilax,Liliaceae,CB
Smilax riparia,Å£Î²²Ë,6,7,10,10,Smilax,Liliaceae,CB
Smilax sieboldii,»ª¶«İÃİÖ,5,6,10,10,Smilax,Liliaceae,WD
Smilax stans,ÇÊ±úİÃİÖ,5,6,10,10,Smilax,Liliaceae,WD
Solanum lyratum,°×Ó¢,6,11,11,11,NA,Solanaceae,CB
Solanum melongena,ÇÑ,NA,NA,NA,NA,NA,Solanaceae,CB
Solanum nigrum,Áú¿û,5,8,7,11,NA,Solanaceae,CB
Solanum septemlobum,Çàè½,6,10,10,12,NA,Solanaceae,CB
Sonchus asper,»¨Ò¶µá¿à²Ë,5,10,5,10,Sonchus,Asteraceae,CB
Sonchus oleraceus,¿àÜÄ²Ë,5,12,5,12,NA,Asteraceae,CB
Sophora brachygyna,¶ÌÈï»±,8,11,10,1,Sophora,Fabaceae,WD
Sophora flavescens,¿à²Î,6,8,7,10,Sophora,Fabaceae,CB
Sophora flavescens var. galegoides,ºì»¨¿à²Î,NA,NA,NA,NA,NA,Fabaceae,CB
Sophora flavescens var. kronei,Ã«¿à²Î,NA,NA,NA,NA,NA,Fabaceae,CB
Sophora japonica var. pubescens,Ã«Ò¶»±,7,8,8,10,NA,Fabaceae,WD
Sophora vestita,¸Ç»±,NA,NA,NA,NA,NA,Fabaceae,WD
Sorbus alnifolia,Ë®ÓÜ»¨é±,5,5,8,9,NA,Rosaceae,WD
Sorbus alnifolia var. lobulata,ÁÑÒ¶Ë®ÓÜ»¨é±,NA,NA,NA,NA,NA,Rosaceae,WD
Sorbus discolor,±±¾©»¨é±,5,5,8,9,Sorbus,Rosaceae,WD
Sorbus hupehensis,ºş±±»¨é±,5,7,8,9,Sorbus,Rosaceae,WD
Sorbus pohuashanensis,»¨é±Ê÷,6,6,9,10,Sorbus,Rosaceae,WD
Sorghum bicolor,¸ßÁ»,6,9,6,9,NA,Poaceae,CB
Sparganium stoloniferum,ºÚÈıÀâ,5,10,5,10,NA,Sparganiaceae,CB
Speranskia tuberculata,µØ¹¹Ò¶,5,9,5,9,Speranskia,Euphorbiaceae,CB
Spergularia marina,ÄâÆá¹Ã,4,6,5,9,Spergularia,Caryophyllaceae,CB
Sphaerophysa salsula,¿àÂí¶¹,5,8,6,9,Sphaerophysa,Fabaceae,CB
Spiraea blumei,ĞåÇòĞåÏß¾Õ,4,6,8,10,NA,Rosaceae,WD
Spiraea cantoniensis,ÂéÒ¶ĞåÏß¾Õ,4,5,7,9,NA,Rosaceae,WD
Spiraea chinensis,ÖĞ»ªĞåÏß¾Õ,3,6,6,10,Spiraea,Rosaceae,WD
Spiraea chinensis var. erecticarpa,Ö±¹ûĞåÏß¾Õ,NA,NA,NA,NA,NA,Rosaceae,WD
Spiraea fritschiana,»ª±±ĞåÏß¾Õ,5,6,8,9,NA,Rosaceae,WD
Spiraea fritschiana var. angulata,´óÒ¶»ª±±ĞåÏß¾Õ,NA,NA,NA,NA,NA,Rosaceae,WD
Spiraea fritschiana var. parvifolia,Ğ¡Ò¶»ª±±ĞåÏß¾Õ,NA,NA,NA,NA,NA,Rosaceae,WD
Spiraea japonica,ĞåÏß¾Õ,6,7,8,9,NA,Rosaceae,WD
Spiraea japonica var. fortunei,¹âÒ¶ĞåÏß¾Õ,NA,NA,NA,NA,NA,Rosaceae,WD
Spiraea prunifolia,ÀîÒ¶ĞåÏß¾Õ,3,5,NA,NA,NA,Rosaceae,WD
Spiraea pubescens,ÍÁ×¯ĞåÏß¾Õ,5,6,7,8,Spiraea,Rosaceae,WD
Spiraea trilobata,ÈıÁÑĞåÏß¾Õ,5,6,7,8,NA,Rosaceae,WD
Spiranthes sinensis,ç·²İ,7,8,NA,NA,Spiranthes,Orchidaceae,CB
Spirodela polyrrhiza,×ÏÆ¼,6,9,NA,NA,NA,Lemnaceae,CB
Spodiopogon sibiricus,´óÓÍÃ¢,7,10,7,10,Spodiopogon,Poaceae,CB
Sporobolus fertilis,ÊóÎ²ËÚ,3,12,3,12,Sporobolus,Poaceae,CB
Stachys baicalensis,Ã«Ë®ËÕ,7,7,8,8,NA,Lamiaceae,CB
Stachys chinensis,»ªË®ËÕ,6,8,7,9,Stachys,Lamiaceae,CB
Stachys japonica,Ë®ËÕ,5,7,8,9,NA,Lamiaceae,CB
Stachys oblongifolia,ÕëÍ²²Ë,NA,NA,NA,NA,NA,Lamiaceae,CB
Stellaria chinensis,ÖĞ¹ú·±ÂÆ,5,6,7,8,Stellaria,Caryophyllaceae,CB
Stellaria discolor,·­°×·±ÂÆ,4,7,6,8,Stellaria,Caryophyllaceae,CB
Stellaria media,·±ÂÆ,6,7,7,8,Stellaria,Caryophyllaceae,CB
Stellaria palustris,ÕÓÉú·±ÂÆ,6,7,7,8,Stellaria,Caryophyllaceae,CB
Stemmacantha uniflora,Â©Â«,4,9,4,9,NA,Asteraceae,CB
Stemona sessilifolia,Ö±Á¢°Ù²¿,3,5,6,7,NA,Stemonaceae,WD
Stenosolenium saxatile,×ÏÍ²²İ,5,9,5,9,NA,Boraginaceae,CB
Stephanandra chinensis,Ò°ÖéÀ¼,5,5,7,8,NA,Rosaceae,WD
Stephanandra incisa,ÉîÁÑÒ°ÖéÀ¼,6,7,8,9,Stephanandra,Rosaceae,WD
Stipa bungeana,³¤Ã¢²İ,6,8,6,8,Stipa,Poaceae,CB
Streptolirion volubile,ÖñÒ¶×Ó,7,8,9,10,Streptolirion,Commelinaceae,CB
Styrax japonicus,Ò°ÜÔÀò,4,7,9,11,NA,Styracaceae,WD
Styrax japonicus var. calycothrix,Ã«İàÒ°ÜÔÀò,4,5,9,12,NA,Styracaceae,WD
Styrax obassis,ÓñÁå»¨,4,7,8,11,NA,Styracaceae,WD
Suaeda corniculata,½Ç¹û¼îÅî,8,9,8,9,Suaeda,Chenopodiaceae,CB
Suaeda glauca,¼îÅî,7,9,7,9,Suaeda,Chenopodiaceae,CB
Suaeda salsa,ÑÎµØ¼îÅî,7,10,7,10,NA,Chenopodiaceae,CB
Swertia diluta,±±·½â¯ÑÀ²Ë,8,10,8,10,Swertia,Gentianaceae,CB
Swertia pseudochinensis,ÁöÃ«â¯ÑÀ²Ë,8,9,NA,NA,Swertia,Gentianaceae,CB
Symplocos paniculata,°×Ì´,4,5,8,9,Symplocos,Symplocaceae,WD
Syneilesis aconitifolia,ÍÃ¶ùÉ¡,6,7,8,10,Syneilesis,Asteraceae,CB
Synurus deltoides,É½Å£İò,6,10,6,10,Synurus,Asteraceae,CB
Syringa pubescens,ÇÉÁá»¨,5,6,6,8,Syringa,Oleaceae,WD
Syringa pubescens subsp. microphylla,Ğ¡Ò¶ÇÉÁá»¨,5,6,7,10,NA,Oleaceae,WD
Syringa pubescens subsp. patula,¹Ø¶«ÇÉÁá»¨,5,7,8,10,NA,Oleaceae,WD
Tamarix chinensis,èßÁø,4,9,NA,NA,NA,Tamaricaceae,WD
Tamarix ramosissima,¶àÖ¦èßÁø,5,9,NA,NA,NA,Tamaricaceae,WD
Taraxacum mongolicum,ÆÑ¹«Ó¢,4,9,5,10,NA,Asteraceae,CB
Taraxacum platypecidum,°×ÔµÆÑ¹«Ó¢,3,6,3,6,Taraxacum,Asteraceae,CB
Tephroseris kirilowii,¹·Éà²İ,2,8,NA,NA,Tephroseris,Asteraceae,CB
Tetradium daniellii,³ôÌ´ÎâİÇ,6,8,8,11,Tetradium,Rutaceae,WD
Teucrium ussuriense,ºÚÁú½­Ïã¿Æ¿Æ,8,8,9,9,Teucrium,Lamiaceae,CB
Thalictrum aquilegiifolium var. sibiricum,ÌÆËÉ²İ,7,7,NA,NA,NA,Ranunculaceae,CB
Thalictrum minus,ÑÇÅ·ÌÆËÉ²İ,6,7,NA,NA,Thalictrum,Ranunculaceae,CB
Thalictrum minus var. hypoleucum,¶«ÑÇÌÆËÉ²İ,6,7,NA,NA,NA,Ranunculaceae,CB
Thalictrum petaloideum,°êÈïÌÆËÉ²İ,6,7,NA,NA,Thalictrum,Ranunculaceae,CB
Thellungiella halophila,Ğ¡ÑÎ½æ,5,8,5,8,NA,Brassicaceae,CB
Thellungiella salsuginea,ÑÎ½æ,4,7,4,7,NA,Brassicaceae,CB
Thesium cathaicum,»ª±±°ÙÈï²İ,6,7,6,7,NA,Santalaceae,CB
Thesium chinense,°ÙÈï²İ,4,5,6,7,Thesium,Santalaceae,CB
Thesium chinense var. longipedunculatum,³¤¹£°ÙÈï²İ,NA,NA,NA,NA,NA,Santalaceae,CB
Thesium longifolium,³¤Ò¶°ÙÈï²İ,6,7,6,7,Thesium,Santalaceae,CB
Thladiantha dubia,³à,6,8,8,10,Thladiantha,Cucurbitaceae,CB
Thlaspi arvense,İ¾Éq,3,4,5,6,NA,Brassicaceae,CB
Thymus quinquecostatus,µØ½·,8,8,NA,NA,Thymus,Lamiaceae,WD
Thyrocarpus glochidiatus,Íä³İ¶Ü¹û²İ,4,6,4,6,Thyrocarpus,Boraginaceae,CB
Tilia amurensis,×Ïé²,7,7,NA,NA,Tilia,Tiliaceae,WD
Tilia japonica,»ª¶«é²,NA,NA,NA,NA,NA,Tiliaceae,WD
Tilia jiaodongensis,½º¶«é²,NA,NA,NA,NA,NA,Tiliaceae,WD
Tilia mandshurica,¿·é²,7,7,9,9,Tilia,Tiliaceae,WD
Tilia miqueliana,ÄÏ¾©é²,7,7,NA,NA,NA,Tiliaceae,WD
Tilia mongolica,ÃÉé²,7,7,NA,NA,NA,Tiliaceae,WD
Tilia taishanensis,Ì©É½é²,NA,NA,NA,NA,NA,Tiliaceae,WD
Torilis japonica,Ğ¡ÇÔÒÂ,4,10,4,10,Torilis,Apiaceae,CB
Torilis scabra,ÇÔÒÂ,4,11,4,11,Torilis,Apiaceae,CB
Tournefortia sibirica,Î÷²®ÀûÑÇ×Ïµ¤,5,5,7,7,NA,Boraginaceae,CB
Tournefortia sibirica var. angustior,Ï¸Ò¶Î÷²®ÀûÑÇ×Ïµ¤,NA,NA,NA,NA,NA,Boraginaceae,CB
Toxicodendron vernicifluum,Æá,5,6,7,10,NA,Anacardiaceae,WD
Trachelospermum jasminoides,ÂçÊ¯,3,7,7,12,Trachelospermum,Apocynaceae,WD
Tragus berteronianus,Ê­×Ó²İ,6,11,6,11,NA,Poaceae,CB
Tragus mongolorum,·æÃ¢²İ,7,9,7,9,NA,Poaceae,CB
Trapa incisa,Ï¸¹ûÒ°Áâ,5,10,7,11,NA,Trapaceae,CB
Trapa natans,Å·Áâ,5,10,7,11,NA,Trapaceae,CB
Trapella sinensis,²èÂó,6,6,NA,NA,NA,Pedaliaceae,CB
Tribulus terrestris,İğŞ¼,5,8,6,9,NA,Zygophyllaceae,CB
Trichosanthes kirilowii,èéÂ¥,5,8,8,10,NA,Cucurbitaceae,CB
Triglochin palustre,Ë®Âó¶¬,6,10,6,10,NA,Potamogetonaceae,CB
Trigonotis peduncularis,¸½µØ²Ë,3,5,NA,NA,NA,Boraginaceae,CB
Trigonotis peduncularis var. amblyosepala,¶Ûİà¸½µØ²Ë,3,5,NA,NA,NA,Boraginaceae,CB
Trigonotis peduncularis var. macrantha,´ó»¨¸½µØ²Ë,NA,NA,NA,NA,NA,Boraginaceae,CB
Trigonotis radicans,±±¸½µØ²Ë,6,8,7,9,Trigonotis,Boraginaceae,CB
Trigonotis tenera,ÃÉÉ½¸½µØ²Ë,8,8,NA,NA,NA,Boraginaceae,CB
Triosteum pinnatifidum,Üğ×ÓË‘,5,6,7,9,NA,Caprifoliaceae,CB
Tripogon chinensis,ÖĞ»ª²İÉ³²Ï,7,9,7,9,Tripogon,Poaceae,CB
Trisetum bifidum,ÈıÃ«²İ,4,6,NA,NA,Trisetum,Poaceae,CB
Tulipa edulis,ÀÏÑ»°ê,3,4,4,5,NA,Liliaceae,CB
Turczaninovia fastigiata,Å®İÒ,NA,NA,NA,NA,NA,Asteraceae,CB
Typha angustata,³¤°úÏãÆÑ,6,8,6,8,NA,Typhaceae,CB
Typha angustifolia,Ë®Öò,6,9,6,9,NA,Typhaceae,CB
Typha laxmannii,ÎŞ°úÏãÆÑ,6,9,6,9,NA,Typhaceae,CB
Typha minima,Ğ¡ÏãÆÑ,5,8,5,8,NA,Typhaceae,CB
Typha orientalis,ÏãÆÑ,5,8,5,8,NA,Typhaceae,CB
Typhonium giganteum,¶À½ÇÁ«,6,8,7,9,NA,Araceae,CB
Ulmus davidiana,ºÚÓÜ,4,5,4,5,Ulmus,Ulmaceae,WD
Ulmus davidiana var. japonica,´ºÓÜ,2,5,2,5,NA,Ulmaceae,WD
Ulmus glaucescens,ºµÓÜ,3,5,3,5,Ulmus,Ulmaceae,WD
Ulmus laciniata,ÁÑÒ¶ÓÜ,4,5,4,5,NA,Ulmaceae,WD
Ulmus macrocarpa,´ó¹ûÓÜ,4,5,4,5,Ulmus,Ulmaceae,WD
Ulmus parvifolia,ÀÆÓÜ,8,10,8,10,NA,Ulmaceae,WD
Ulmus pumila,ÓÜÊ÷,3,5,3,5,NA,Ulmaceae,WD
Urtica angustifolia,ÏÁÒ¶İ¡Âé,6,8,8,9,Urtica,Urticaceae,CB
Urtica laetevirens,¿íÒ¶İ¡Âé,6,8,8,10,Urtica,Urticaceae,CB
Utricularia aurea,»Æ»¨ÀêÔå,6,11,7,12,NA,Lentibulariaceae,CB
Utricularia bifida,ÍÚ¶ú²İ,6,12,7,´ÎÄê1,NA,Lentibulariaceae,CB
Utricularia caerulea,¶Ì¹£ÍÚ¶ú²İ,6,´ÎÄê1,7,´ÎÄê2,NA,Lentibulariaceae,CB
Utricularia vulgaris,ÀêÔå,6,8,7,9,NA,Lentibulariaceae,CB
Vaccaria hispanica,ÂóÀ¶²Ë,4,7,5,8,NA,Caryophyllaceae,CB
Vaccinium oldhamii,ÏÙ³İÔ½½Û,5,6,7,10,NA,Ericaceae,WD
Valeriana amurensis,ºÚË®çÓ²İ,6,7,7,8,Valeriana,Valerianaceae,CB
Veratrum maackii,Ã«ËëŞ¼Â«,7,9,7,9,Veratrum,Liliaceae,CB
Veratrum nigrum,Ş¼Â«,7,9,7,9,Veratrum,Liliaceae,CB
Veratrum oblongum,³¤¹£Ş¼Â«,8,9,8,9,Veratrum,Liliaceae,CB
Vernicia fordii,ÓÍÍ©,3,4,8,11,NA,Euphorbiaceae,WD
Veronica anagallis-aquatica,±±Ë®¿àİ¤,4,9,NA,NA,NA,Scrophulariaceae,CB
Veronicastrum sibiricum,²İ±¾ÍşÁéÏÉ,7,9,NA,NA,Veronicastrum,Scrophulariaceae,CB
Viburnum dilatatum,¼ÔÉo,5,6,9,11,Viburnum,Caprifoliaceae,WD
Viburnum erosum,ÒË²ı¼ÔÉo,4,5,8,10,Viburnum,Caprifoliaceae,WD
Viburnum erosum var. taquetii,ÁÑÒ¶ÒË²ı¼ÔÉo,NA,NA,NA,NA,NA,Caprifoliaceae,WD
Viburnum macrocephalum,ĞåÇò¼ÔÉo,4,5,9,10,NA,Caprifoliaceae,WD
Viburnum melanocarpum,ºÚ¹û¼ÔÉo,4,5,9,10,Viburnum,Caprifoliaceae,WD
Viburnum opulus var. sargentii,¼¦Ê÷Ìõ,NA,NA,NA,NA,NA,Caprifoliaceae,WD
Viburnum plicatum,·ÛÍÅ,4,5,8,9,Viburnum,Caprifoliaceae,WD
Viburnum schensianum,ÉÂÎ÷¼ÔÉo,5,7,8,9,Viburnum,Caprifoliaceae,WD
Vicia amoena,É½Ò°Íã¶¹,4,6,7,10,Vicia,Fabaceae,CB
Vicia bungei,´ó»¨Ò°Íã¶¹,4,5,6,7,Vicia,Fabaceae,CB
Vicia chianshanensis,Ç§É½Ò°Íã¶¹,5,7,5,7,NA,Fabaceae,CB
Vicia cracca,¹ã²¼Ò°Íã¶¹,5,9,5,9,Vicia,Fabaceae,CB
Vicia hirsuta,Ğ¡³²²Ë,2,7,2,7,Vicia,Fabaceae,CB
Vicia kioshanica,È·É½Ò°Íã¶¹,4,6,6,9,Vicia,Fabaceae,CB
Vicia kulingana,êôÁëÒ°Íã¶¹,4,8,6,9,NA,Fabaceae,CB
Vicia ohwiana,Í·ĞòÍáÍ·²Ë,7,9,7,9,Vicia,Fabaceae,CB
Vicia ramuliflora f. abbreviata,ÁÉÒ°Íã¶¹,6,9,6,9,NA,Fabaceae,CB
Vicia sativa,¾È»ÄÒ°Íã¶¹,4,7,7,9,Vicia,Fabaceae,CB
Vicia sativa subsp. nigra,´ó³²¶¹,3,7,3,9,NA,Fabaceae,CB
Vicia tetrantha,ËÄ»¨Ò°Íã¶¹,6,9,8,10,Vicia,Fabaceae,CB
Vicia tetrasperma,ËÄ×ÑÒ°Íã¶¹,2,8,3,8,NA,Fabaceae,CB
Vicia unijuga,ÍáÍ·²Ë,6,7,8,9,Vicia,Fabaceae,CB
Vigna minima,ÔôĞ¡¶¹,8,10,8,10,NA,Fabaceae,CB
Vigna radiata,ÂÌ¶¹,5,6,6,9,NA,Fabaceae,CB
Viola acuminata,¼¦ÍÈİÀ²Ë,5,9,5,9,Viola,Violaceae,CB
Viola albida var. takahashii,¾ÕÒ¶İÀ²Ë,5,5,6,10,NA,Violaceae,CB
Viola arcuata,ÈçÒâ²İ,3,6,NA,NA,Viola,Violaceae,CB
Viola betonicifolia,êªÒ¶İÀ²Ë,4,9,4,9,Viola,Violaceae,CB
Viola biflora,Ë«»¨İÀ²Ë,5,9,5,9,Viola,Violaceae,CB
Viola chaerophylloides,ÄÏÉ½İÀ²Ë,4,9,4,9,Viola,Violaceae,CB
Viola collina,Çò¹ûİÀ²Ë,5,8,5,8,Viola,Violaceae,CB
Viola dissecta,ÁÑÒ¶İÀ²Ë,4,9,5,10,NA,Violaceae,CB
Viola dissecta var. incisa,×ÜÁÑÒ¶İÀ²Ë,4,5,6,10,NA,Violaceae,CB
Viola hancockii,Î÷É½İÀ²Ë,4,5,NA,NA,Viola,Violaceae,CB
Viola mandshurica,¶«±±İÀ²Ë,4,9,4,9,Viola,Violaceae,CB
Viola mongolica,ÃÉ¹ÅİÀ²Ë,4,5,5,10,NA,Violaceae,CB
Viola orientalis,¶«·½İÀ²Ë,4,5,5,6,Viola,Violaceae,CB
Viola pekinensis,±±¾©İÀ²Ë,4,5,5,7,Viola,Violaceae,CB
Viola phalacrocarpa,ÜçİÀ²Ë,4.2,9,4.2,9,Viola,Violaceae,CB
Viola philippica,×Ï»¨µØ¶¡,4.15,9,4.15,9,Viola,Violaceae,CB
Viola prionantha,Ôç¿ªİÀ²Ë,3,4,5,9,Viola,Violaceae,CB
Viola rossii,ÁÉÄşİÀ²Ë,4,7,6,8,Viola,Violaceae,CB
Viola sacchalinensis,¿âÒ¶İÀ²Ë,4,7,6,9,NA,Violaceae,CB
Viola selkirkii,ÉîÉ½İÀ²Ë,5,7,5,7,Viola,Violaceae,CB
Viola tenuicornis,Ï¸¾àİÀ²Ë,4,9,4,9,Viola,Violaceae,CB
Viola variegata,°ßÒ¶İÀ²Ë,4,8,6,9,Viola,Violaceae,CB
Viola yunnanfuensis,ĞÄÒ¶ÜÈ²Ë,2,4,5,10,NA,Violaceae,CB
Vitex negundo,»Æ¾£,4,6,7,10,Vitex,Verbenaceae,WD
Vitex negundo var. cannabifolia,Äµ¾£,6,7,8,11,NA,Verbenaceae,WD
Vitex negundo var. heterophylla,¾£Ìõ,NA,NA,NA,NA,NA,Verbenaceae,WD
Vitex rotundifolia,µ¥Ò¶Âû¾£,7,8,8,10,NA,Verbenaceae,WD
Vitis amurensis,É½ÆÏÌÑ,5,6,7,9,NA,Vitaceae,WD
Vitis bryoniifolia,ÌcÊ ,4,8,6,10,NA,Vitaceae,WD
Vitis flexuosa,¸ğË‰ÆÏÌÑ,3,5,7,11,Vitis,Vitaceae,WD
Vitis heyneana,Ã«ÆÏÌÑ,4,6,6,10,Vitis,Vitaceae,WD
Vitis heyneana subsp. ficifolia,É£Ò¶ÆÏÌÑ,5,7,7,9,NA,Vitaceae,WD
Weigela florida,½õ´ø»¨,4,8,10,10,NA,Caprifoliaceae,WD
Wikstroemia chamaedaphne,ºÓË·Üé»¨,6,8,9,9,Wikstroemia,Thymelaeaceae,WD
Wisteria sinensis,×ÏÌÙ,4,5,5,8,NA,Fabaceae,WD
Wolffia arrhiza,ÎßÆ¼,NA,NA,NA,NA,NA,Lemnaceae,CB
Xanthium sibiricum,²Ô¶ú,7,8,9,10,NA,Asteraceae,CB
Xanthoceras sorbifolia,ÎÄ¹Ú¹û,3,5,9,9,NA,Sapindaceae,WD
Youngia japonica,»ÆğÆ²Ë,4,10,4,10,Youngia,Asteraceae,CB
Youngia longiflora,³¤»¨»ÆğÆ²Ë,4,8,4,8,NA,Asteraceae,CB
Yulania denudata,ÓñÀ¼,2,3,8,9,NA,Magnoliaceae,WD
Zannichellia palustris,½Ç¹ûÔè,3,11,3,11,NA,Najadaceae,CB
Zanthoxylum armatum,ÖñÒ¶»¨½·,4,5,8,10,NA,Rutaceae,WD
Zanthoxylum bungeanum,»¨½·,4,5,8,9,Zanthoxylum,Rutaceae,WD
Zanthoxylum schinifolium,Çà»¨½·,7,9,9,12,Zanthoxylum,Rutaceae,WD
Zanthoxylum simulans,Ò°»¨½·,3,5,7,9,NA,Rutaceae,WD
Zelkova serrata,é·Ê÷,4,4,9,11,NA,Ulmaceae,WD
Zizania latifolia,İÔ,6,9,6,9,NA,Poaceae,CB
Ziziphus jujuba,Ôæ,5,7,8,9,Ziziphus,Rhamnaceae,WD
Ziziphus jujuba var. inermis,ÎŞ´ÌÔæ,5,7,8,10,NA,Rhamnaceae,WD
Ziziphus jujuba var. spinosa,ËáÔæ,6,7,8,9,NA,Rhamnaceae,WD
Zostera japonica,°«´óÒ¶Ôå,6,9,6,9,NA,Potamogetonaceae,CB
Zostera marina,´óÒ¶Ôå,3,7,3,7,NA,Potamogetonaceae,CB
Zoysia japonica,½áÂÆ²İ,5,8,5,8,NA,Poaceae,CB
Zoysia sinica,ÖĞ»ª½áÂÆ²İ,5,10,5,10,Zoysia,Poaceae,CB
